{"cameraMode":{"drawMode":0,"name":"Shaded","section":"Shading Mode"},"sceneLighting":true,"audioPlay":false,"sceneViewState":{"m_AlwaysRefresh":false,"showFog":true,"showSkybox":true,"showFlares":true,"showImageEffects":true,"showParticleSystems":true,"showVisualEffectGraphs":true,"m_FxEnabled":true},"in2DMode":false,"pivot":{"x":-0.1734728217124939,"y":0.11225132644176483,"z":0.14045344293117524},"rotation":{"x":-0.08372200280427933,"y":-0.8263018727302551,"z":0.12760120630264283,"w":-0.5422050952911377},"size":0.7144796252250671,"orthographic":false}