Using pre-set license
Built from '2022.3/release' branch; Version is '2022.3.20f1 (61c2feb0970d) revision 6406910'; Using compiler version '192829333'; Build Type 'Release'
OS: 'Windows 11  (10.0.22631) 64bit Professional' Language: 'es' Physical Memory: 16052 MB
BatchMode: 1, IsHumanControllingUs: 0, StartBugReporterOnCrash: 0, Is64bit: 1, IsPro: 1

COMMAND LINE ARGUMENTS:
C:\Program Files\Unity\Hub\Editor\2022.3.20f1-x86_64\Editor\Unity.exe
-adb2
-batchMode
-noUpm
-name
AssetImportWorker0
-projectPath
C:/NiryoNed2/Ned2_Sim
-logFile
Logs/AssetImportWorker0.log
-srvPort
60384
Successfully changed project path to: C:/NiryoNed2/Ned2_Sim
C:/NiryoNed2/Ned2_Sim
[UnityMemory] Configuration Parameters - Can be set up in boot.config
    "memorysetup-bucket-allocator-granularity=16"
    "memorysetup-bucket-allocator-bucket-count=8"
    "memorysetup-bucket-allocator-block-size=33554432"
    "memorysetup-bucket-allocator-block-count=8"
    "memorysetup-main-allocator-block-size=16777216"
    "memorysetup-thread-allocator-block-size=16777216"
    "memorysetup-gfx-main-allocator-block-size=16777216"
    "memorysetup-gfx-thread-allocator-block-size=16777216"
    "memorysetup-cache-allocator-block-size=4194304"
    "memorysetup-typetree-allocator-block-size=2097152"
    "memorysetup-profiler-bucket-allocator-granularity=16"
    "memorysetup-profiler-bucket-allocator-bucket-count=8"
    "memorysetup-profiler-bucket-allocator-block-size=33554432"
    "memorysetup-profiler-bucket-allocator-block-count=8"
    "memorysetup-profiler-allocator-block-size=16777216"
    "memorysetup-profiler-editor-allocator-block-size=1048576"
    "memorysetup-temp-allocator-size-main=16777216"
    "memorysetup-job-temp-allocator-block-size=2097152"
    "memorysetup-job-temp-allocator-block-size-background=1048576"
    "memorysetup-job-temp-allocator-reduction-small-platforms=262144"
    "memorysetup-allocator-temp-initial-block-size-main=262144"
    "memorysetup-allocator-temp-initial-block-size-worker=262144"
    "memorysetup-temp-allocator-size-background-worker=32768"
    "memorysetup-temp-allocator-size-job-worker=262144"
    "memorysetup-temp-allocator-size-preload-manager=33554432"
    "memorysetup-temp-allocator-size-nav-mesh-worker=65536"
    "memorysetup-temp-allocator-size-audio-worker=65536"
    "memorysetup-temp-allocator-size-cloud-worker=32768"
    "memorysetup-temp-allocator-size-gi-baking-worker=262144"
    "memorysetup-temp-allocator-size-gfx=262144"
Player connection [26884] Host "[IP] 192.168.56.1 [Port] 0 [Flags] 2 [Guid] 2892827576 [EditorId] 2892827576 [Version] 1048832 [Id] WindowsEditor(7,Jorge) [Debug] 1 [PackageName] WindowsEditor [ProjectName] Editor" joined multi-casting on [225.0.0.222:54997]...

Player connection [26884] Host "[IP] 192.168.56.1 [Port] 0 [Flags] 2 [Guid] 2892827576 [EditorId] 2892827576 [Version] 1048832 [Id] WindowsEditor(7,Jorge) [Debug] 1 [PackageName] WindowsEditor [ProjectName] Editor" joined alternative multi-casting on [225.0.0.222:34997]...

[Physics::Module] Initialized MultithreadedJobDispatcher with 11 workers.
Refreshing native plugins compatible for Editor in 9.85 ms, found 5 plugins.
Preloading 0 native plugins for Editor in 0.00 ms.
Initialize engine version: 2022.3.20f1 (61c2feb0970d)
[Subsystems] Discovering subsystems at path C:/Program Files/Unity/Hub/Editor/2022.3.20f1-x86_64/Editor/Data/Resources/UnitySubsystems
[Subsystems] Discovering subsystems at path C:/NiryoNed2/Ned2_Sim/Assets
GfxDevice: creating device client; threaded=0; jobified=0
Direct3D:
    Version:  Direct3D 11.0 [level 11.1]
    Renderer: NVIDIA GeForce RTX 3050 Laptop GPU (ID=0x25a2)
    Vendor:   NVIDIA
    VRAM:     3964 MB
    Driver:   32.0.15.8129
Initialize mono
Mono path[0] = 'C:/Program Files/Unity/Hub/Editor/2022.3.20f1-x86_64/Editor/Data/Managed'
Mono path[1] = 'C:/Program Files/Unity/Hub/Editor/2022.3.20f1-x86_64/Editor/Data/MonoBleedingEdge/lib/mono/unityjit-win32'
Mono config path = 'C:/Program Files/Unity/Hub/Editor/2022.3.20f1-x86_64/Editor/Data/MonoBleedingEdge/etc'
Using monoOptions --debugger-agent=transport=dt_socket,embedding=1,server=y,suspend=n,address=127.0.0.1:56036
Begin MonoManager ReloadAssembly
Registering precompiled unity dll's ...
Register platform support module: C:/Program Files/Unity/Hub/Editor/2022.3.20f1-x86_64/Editor/Data/PlaybackEngines/WindowsStandaloneSupport/UnityEditor.WindowsStandalone.Extensions.dll
Registered in 0.007105 seconds.
- Loaded All Assemblies, in  0.448 seconds
Native extension for WindowsStandalone target not found
Mono: successfully reloaded assembly
- Finished resetting the current domain, in  0.258 seconds
Domain Reload Profiling: 704ms
	BeginReloadAssembly (165ms)
		ExecutionOrderSort (0ms)
		DisableScriptedObjects (0ms)
		BackupInstance (0ms)
		ReleaseScriptingObjects (0ms)
		CreateAndSetChildDomain (1ms)
	RebuildCommonClasses (39ms)
	RebuildNativeTypeToScriptingClass (9ms)
	initialDomainReloadingComplete (67ms)
	LoadAllAssembliesAndSetupDomain (166ms)
		LoadAssemblies (163ms)
		RebuildTransferFunctionScriptingTraits (0ms)
		AnalyzeDomain (163ms)
			TypeCache.Refresh (162ms)
				TypeCache.ScanAssembly (149ms)
			ScanForSourceGeneratedMonoScriptInfo (0ms)
			ResolveRequiredComponents (0ms)
	FinalizeReload (258ms)
		ReleaseScriptCaches (0ms)
		RebuildScriptCaches (0ms)
		SetupLoadedEditorAssemblies (200ms)
			LogAssemblyErrors (0ms)
			InitializePlatformSupportModulesInManaged (7ms)
			SetLoadedEditorAssemblies (6ms)
			RefreshPlugins (0ms)
			BeforeProcessingInitializeOnLoad (2ms)
			ProcessInitializeOnLoadAttributes (136ms)
			ProcessInitializeOnLoadMethodAttributes (49ms)
			AfterProcessingInitializeOnLoad (0ms)
			EditorAssembliesLoaded (0ms)
		ExecutionOrderSort2 (0ms)
		AwakeInstancesAfterBackupRestoration (0ms)
========================================================================
Worker process is ready to serve import requests
Begin MonoManager ReloadAssembly
- Loaded All Assemblies, in  0.614 seconds
Refreshing native plugins compatible for Editor in 4.35 ms, found 5 plugins.
Native extension for WindowsStandalone target not found
Mono: successfully reloaded assembly
- Finished resetting the current domain, in  0.541 seconds
Domain Reload Profiling: 1152ms
	BeginReloadAssembly (133ms)
		ExecutionOrderSort (0ms)
		DisableScriptedObjects (5ms)
		BackupInstance (0ms)
		ReleaseScriptingObjects (0ms)
		CreateAndSetChildDomain (20ms)
	RebuildCommonClasses (29ms)
	RebuildNativeTypeToScriptingClass (10ms)
	initialDomainReloadingComplete (30ms)
	LoadAllAssembliesAndSetupDomain (409ms)
		LoadAssemblies (309ms)
		RebuildTransferFunctionScriptingTraits (0ms)
		AnalyzeDomain (176ms)
			TypeCache.Refresh (154ms)
				TypeCache.ScanAssembly (143ms)
			ScanForSourceGeneratedMonoScriptInfo (15ms)
			ResolveRequiredComponents (5ms)
	FinalizeReload (542ms)
		ReleaseScriptCaches (0ms)
		RebuildScriptCaches (0ms)
		SetupLoadedEditorAssemblies (402ms)
			LogAssemblyErrors (0ms)
			InitializePlatformSupportModulesInManaged (6ms)
			SetLoadedEditorAssemblies (3ms)
			RefreshPlugins (0ms)
			BeforeProcessingInitializeOnLoad (59ms)
			ProcessInitializeOnLoadAttributes (304ms)
			ProcessInitializeOnLoadMethodAttributes (23ms)
			AfterProcessingInitializeOnLoad (6ms)
			EditorAssembliesLoaded (0ms)
		ExecutionOrderSort2 (0ms)
		AwakeInstancesAfterBackupRestoration (7ms)
Launched and connected shader compiler UnityShaderCompiler.exe after 0.07 seconds
Refreshing native plugins compatible for Editor in 4.56 ms, found 5 plugins.
Preloading 0 native plugins for Editor in 0.00 ms.
Unloading 3741 Unused Serialized files (Serialized files now loaded: 0)
Unloading 49 unused Assets / (127.4 KB). Loaded Objects now: 4195.
Memory consumption went from 148.5 MB to 148.3 MB.
Total: 3.382600 ms (FindLiveObjects: 0.222600 ms CreateObjectMapping: 0.101700 ms MarkObjects: 2.897900 ms  DeleteObjects: 0.158600 ms)

AssetImportParameters requested are different than current active one (requested -> active):
  custom:container-demuxer-ogg: 62fdf1f143b41e24485cea50d1cbac27 -> 
  custom:video-codec-MediaFoundation-h265: 746d11721c4dcdbdad8f713fa42b33f4 -> 
  custom:video-decoder-ogg-theora: a1e56fd34408186e4bbccfd4996cb3dc -> 
  custom:framework-win-MediaFoundation: 216162199b28c13a410421893ffa2e32 -> 
  custom:CustomObjectIndexerAttribute: 6d391050e5a25f67b0a2c618074f2cd9 -> 
  custom:container-demuxer-webm: 4f35f7cbe854078d1ac9338744f61a02 -> 
  custom:container-muxer-webm: aa71ff27fc2769a1b78a27578f13a17b -> 
  custom:video-decoder-webm-vp8: 9c59270c3fd7afecdb556c50c9e8de78 -> 
  custom:SearchIndexIgnoredProperties: e643bd26f0fe6173181afceb89e7c659 -> 
  custom:AudioImporter_EditorPlatform: d09bf68614088b80899f8185d706f6e7 -> 
  custom:video-encoder-webm-vp8: eb34c28f22e8b96e1ab97ce403110664 -> 
  custom:audio-decoder-ogg-vorbis: bf7c407c2cedff20999df2af8eb42d56 -> 
  custom:audio-encoder-webm-vorbis: bf7c407c2cedff20999df2af8eb42d56 -> 
========================================================================
Received Import Request.
  Time since last request: 7500.066951 seconds.
  path: Assets/niryo_ned2.prefab
  artifactKey: Guid(8f453e2e34289d548ae7321abf4d21a2) Importer(815301076,1909f56bfc062723c751e8b465ee728b)
Start importing Assets/niryo_ned2.prefab using Guid(8f453e2e34289d548ae7321abf4d21a2) Importer(815301076,1909f56bfc062723c751e8b465ee728b)  -> (artifact id: 'e0e3ba41e343dd0d1b367755e42dc14b') in 0.145560 seconds
Number of updated asset objects reloaded before import = 0
Number of asset objects unloaded after import = 611
========================================================================
Received Prepare
Begin MonoManager ReloadAssembly
- Loaded All Assemblies, in  0.383 seconds
Refreshing native plugins compatible for Editor in 3.78 ms, found 5 plugins.
Native extension for WindowsStandalone target not found
Mono: successfully reloaded assembly
- Finished resetting the current domain, in  0.718 seconds
Domain Reload Profiling: 1098ms
	BeginReloadAssembly (136ms)
		ExecutionOrderSort (0ms)
		DisableScriptedObjects (4ms)
		BackupInstance (0ms)
		ReleaseScriptingObjects (0ms)
		CreateAndSetChildDomain (32ms)
	RebuildCommonClasses (23ms)
	RebuildNativeTypeToScriptingClass (8ms)
	initialDomainReloadingComplete (24ms)
	LoadAllAssembliesAndSetupDomain (189ms)
		LoadAssemblies (249ms)
		RebuildTransferFunctionScriptingTraits (0ms)
		AnalyzeDomain (10ms)
			TypeCache.Refresh (5ms)
				TypeCache.ScanAssembly (0ms)
			ScanForSourceGeneratedMonoScriptInfo (0ms)
			ResolveRequiredComponents (4ms)
	FinalizeReload (718ms)
		ReleaseScriptCaches (0ms)
		RebuildScriptCaches (0ms)
		SetupLoadedEditorAssemblies (301ms)
			LogAssemblyErrors (0ms)
			InitializePlatformSupportModulesInManaged (5ms)
			SetLoadedEditorAssemblies (2ms)
			RefreshPlugins (0ms)
			BeforeProcessingInitializeOnLoad (49ms)
			ProcessInitializeOnLoadAttributes (217ms)
			ProcessInitializeOnLoadMethodAttributes (22ms)
			AfterProcessingInitializeOnLoad (6ms)
			EditorAssembliesLoaded (0ms)
		ExecutionOrderSort2 (0ms)
		AwakeInstancesAfterBackupRestoration (6ms)
Refreshing native plugins compatible for Editor in 4.36 ms, found 5 plugins.
Preloading 0 native plugins for Editor in 0.00 ms.
Unloading 3701 Unused Serialized files (Serialized files now loaded: 0)
Unloading 37 unused Assets / (75.3 KB). Loaded Objects now: 4206.
Memory consumption went from 145.7 MB to 145.7 MB.
Total: 2.608300 ms (FindLiveObjects: 0.198600 ms CreateObjectMapping: 0.093900 ms MarkObjects: 2.196900 ms  DeleteObjects: 0.117600 ms)

Prepare: number of updated asset objects reloaded= 0
AssetImportParameters requested are different than current active one (requested -> active):
  custom:container-demuxer-ogg: 62fdf1f143b41e24485cea50d1cbac27 -> 
  custom:video-codec-MediaFoundation-h265: 746d11721c4dcdbdad8f713fa42b33f4 -> 
  custom:video-decoder-ogg-theora: a1e56fd34408186e4bbccfd4996cb3dc -> 
  custom:framework-win-MediaFoundation: 216162199b28c13a410421893ffa2e32 -> 
  custom:CustomObjectIndexerAttribute: 6d391050e5a25f67b0a2c618074f2cd9 -> 
  custom:container-demuxer-webm: 4f35f7cbe854078d1ac9338744f61a02 -> 
  custom:container-muxer-webm: aa71ff27fc2769a1b78a27578f13a17b -> 
  custom:video-decoder-webm-vp8: 9c59270c3fd7afecdb556c50c9e8de78 -> 
  custom:SearchIndexIgnoredProperties: e643bd26f0fe6173181afceb89e7c659 -> 
  custom:AudioImporter_EditorPlatform: d09bf68614088b80899f8185d706f6e7 -> 
  custom:video-encoder-webm-vp8: eb34c28f22e8b96e1ab97ce403110664 -> 
  custom:audio-decoder-ogg-vorbis: bf7c407c2cedff20999df2af8eb42d56 -> 
  custom:audio-encoder-webm-vorbis: bf7c407c2cedff20999df2af8eb42d56 -> 
========================================================================
Received Prepare
Begin MonoManager ReloadAssembly
- Loaded All Assemblies, in  0.379 seconds
Refreshing native plugins compatible for Editor in 3.64 ms, found 5 plugins.
Native extension for WindowsStandalone target not found
Mono: successfully reloaded assembly
- Finished resetting the current domain, in  0.693 seconds
Domain Reload Profiling: 1070ms
	BeginReloadAssembly (127ms)
		ExecutionOrderSort (0ms)
		DisableScriptedObjects (4ms)
		BackupInstance (0ms)
		ReleaseScriptingObjects (0ms)
		CreateAndSetChildDomain (27ms)
	RebuildCommonClasses (32ms)
	RebuildNativeTypeToScriptingClass (13ms)
	initialDomainReloadingComplete (22ms)
	LoadAllAssembliesAndSetupDomain (183ms)
		LoadAssemblies (243ms)
		RebuildTransferFunctionScriptingTraits (0ms)
		AnalyzeDomain (10ms)
			TypeCache.Refresh (5ms)
				TypeCache.ScanAssembly (0ms)
			ScanForSourceGeneratedMonoScriptInfo (0ms)
			ResolveRequiredComponents (4ms)
	FinalizeReload (693ms)
		ReleaseScriptCaches (0ms)
		RebuildScriptCaches (0ms)
		SetupLoadedEditorAssemblies (311ms)
			LogAssemblyErrors (0ms)
			InitializePlatformSupportModulesInManaged (5ms)
			SetLoadedEditorAssemblies (3ms)
			RefreshPlugins (0ms)
			BeforeProcessingInitializeOnLoad (50ms)
			ProcessInitializeOnLoadAttributes (225ms)
			ProcessInitializeOnLoadMethodAttributes (22ms)
			AfterProcessingInitializeOnLoad (7ms)
			EditorAssembliesLoaded (0ms)
		ExecutionOrderSort2 (0ms)
		AwakeInstancesAfterBackupRestoration (6ms)
Refreshing native plugins compatible for Editor in 4.71 ms, found 5 plugins.
Preloading 0 native plugins for Editor in 0.00 ms.
Unloading 3702 Unused Serialized files (Serialized files now loaded: 0)
Unloading 37 unused Assets / (91.4 KB). Loaded Objects now: 4209.
Memory consumption went from 147.9 MB to 147.8 MB.
Total: 2.325800 ms (FindLiveObjects: 0.198800 ms CreateObjectMapping: 0.113800 ms MarkObjects: 1.880700 ms  DeleteObjects: 0.131100 ms)

Prepare: number of updated asset objects reloaded= 0
AssetImportParameters requested are different than current active one (requested -> active):
  custom:container-demuxer-ogg: 62fdf1f143b41e24485cea50d1cbac27 -> 
  custom:video-codec-MediaFoundation-h265: 746d11721c4dcdbdad8f713fa42b33f4 -> 
  custom:video-decoder-ogg-theora: a1e56fd34408186e4bbccfd4996cb3dc -> 
  custom:framework-win-MediaFoundation: 216162199b28c13a410421893ffa2e32 -> 
  custom:CustomObjectIndexerAttribute: 6d391050e5a25f67b0a2c618074f2cd9 -> 
  custom:container-demuxer-webm: 4f35f7cbe854078d1ac9338744f61a02 -> 
  custom:container-muxer-webm: aa71ff27fc2769a1b78a27578f13a17b -> 
  custom:video-decoder-webm-vp8: 9c59270c3fd7afecdb556c50c9e8de78 -> 
  custom:SearchIndexIgnoredProperties: e643bd26f0fe6173181afceb89e7c659 -> 
  custom:AudioImporter_EditorPlatform: d09bf68614088b80899f8185d706f6e7 -> 
  custom:video-encoder-webm-vp8: eb34c28f22e8b96e1ab97ce403110664 -> 
  custom:audio-decoder-ogg-vorbis: bf7c407c2cedff20999df2af8eb42d56 -> 
  custom:audio-encoder-webm-vorbis: bf7c407c2cedff20999df2af8eb42d56 -> 
========================================================================
Received Prepare
Begin MonoManager ReloadAssembly
- Loaded All Assemblies, in  0.377 seconds
Refreshing native plugins compatible for Editor in 4.08 ms, found 5 plugins.
Native extension for WindowsStandalone target not found
Mono: successfully reloaded assembly
- Finished resetting the current domain, in  0.709 seconds
Domain Reload Profiling: 1084ms
	BeginReloadAssembly (132ms)
		ExecutionOrderSort (0ms)
		DisableScriptedObjects (4ms)
		BackupInstance (0ms)
		ReleaseScriptingObjects (0ms)
		CreateAndSetChildDomain (32ms)
	RebuildCommonClasses (23ms)
	RebuildNativeTypeToScriptingClass (8ms)
	initialDomainReloadingComplete (23ms)
	LoadAllAssembliesAndSetupDomain (188ms)
		LoadAssemblies (243ms)
		RebuildTransferFunctionScriptingTraits (0ms)
		AnalyzeDomain (13ms)
			TypeCache.Refresh (5ms)
				TypeCache.ScanAssembly (0ms)
			ScanForSourceGeneratedMonoScriptInfo (0ms)
			ResolveRequiredComponents (6ms)
	FinalizeReload (709ms)
		ReleaseScriptCaches (0ms)
		RebuildScriptCaches (0ms)
		SetupLoadedEditorAssemblies (315ms)
			LogAssemblyErrors (0ms)
			InitializePlatformSupportModulesInManaged (5ms)
			SetLoadedEditorAssemblies (3ms)
			RefreshPlugins (0ms)
			BeforeProcessingInitializeOnLoad (46ms)
			ProcessInitializeOnLoadAttributes (229ms)
			ProcessInitializeOnLoadMethodAttributes (25ms)
			AfterProcessingInitializeOnLoad (7ms)
			EditorAssembliesLoaded (0ms)
		ExecutionOrderSort2 (0ms)
		AwakeInstancesAfterBackupRestoration (6ms)
Refreshing native plugins compatible for Editor in 4.66 ms, found 5 plugins.
Preloading 0 native plugins for Editor in 0.00 ms.
Unloading 3702 Unused Serialized files (Serialized files now loaded: 0)
Unloading 37 unused Assets / (75.3 KB). Loaded Objects now: 4212.
Memory consumption went from 149.9 MB to 149.8 MB.
Total: 2.606800 ms (FindLiveObjects: 0.195600 ms CreateObjectMapping: 0.090000 ms MarkObjects: 2.220600 ms  DeleteObjects: 0.099400 ms)

Prepare: number of updated asset objects reloaded= 0
AssetImportParameters requested are different than current active one (requested -> active):
  custom:container-demuxer-ogg: 62fdf1f143b41e24485cea50d1cbac27 -> 
  custom:video-codec-MediaFoundation-h265: 746d11721c4dcdbdad8f713fa42b33f4 -> 
  custom:video-decoder-ogg-theora: a1e56fd34408186e4bbccfd4996cb3dc -> 
  custom:framework-win-MediaFoundation: 216162199b28c13a410421893ffa2e32 -> 
  custom:CustomObjectIndexerAttribute: 6d391050e5a25f67b0a2c618074f2cd9 -> 
  custom:container-demuxer-webm: 4f35f7cbe854078d1ac9338744f61a02 -> 
  custom:container-muxer-webm: aa71ff27fc2769a1b78a27578f13a17b -> 
  custom:video-decoder-webm-vp8: 9c59270c3fd7afecdb556c50c9e8de78 -> 
  custom:SearchIndexIgnoredProperties: e643bd26f0fe6173181afceb89e7c659 -> 
  custom:AudioImporter_EditorPlatform: d09bf68614088b80899f8185d706f6e7 -> 
  custom:video-encoder-webm-vp8: eb34c28f22e8b96e1ab97ce403110664 -> 
  custom:audio-decoder-ogg-vorbis: bf7c407c2cedff20999df2af8eb42d56 -> 
  custom:audio-encoder-webm-vorbis: bf7c407c2cedff20999df2af8eb42d56 -> 
========================================================================
Received Prepare
Begin MonoManager ReloadAssembly
- Loaded All Assemblies, in  0.377 seconds
Refreshing native plugins compatible for Editor in 4.44 ms, found 5 plugins.
Native extension for WindowsStandalone target not found
Mono: successfully reloaded assembly
- Finished resetting the current domain, in  0.708 seconds
Domain Reload Profiling: 1083ms
	BeginReloadAssembly (141ms)
		ExecutionOrderSort (0ms)
		DisableScriptedObjects (4ms)
		BackupInstance (0ms)
		ReleaseScriptingObjects (0ms)
		CreateAndSetChildDomain (28ms)
	RebuildCommonClasses (25ms)
	RebuildNativeTypeToScriptingClass (8ms)
	initialDomainReloadingComplete (23ms)
	LoadAllAssembliesAndSetupDomain (178ms)
		LoadAssemblies (248ms)
		RebuildTransferFunctionScriptingTraits (0ms)
		AnalyzeDomain (10ms)
			TypeCache.Refresh (5ms)
				TypeCache.ScanAssembly (0ms)
			ScanForSourceGeneratedMonoScriptInfo (0ms)
			ResolveRequiredComponents (4ms)
	FinalizeReload (708ms)
		ReleaseScriptCaches (0ms)
		RebuildScriptCaches (0ms)
		SetupLoadedEditorAssemblies (315ms)
			LogAssemblyErrors (0ms)
			InitializePlatformSupportModulesInManaged (5ms)
			SetLoadedEditorAssemblies (2ms)
			RefreshPlugins (0ms)
			BeforeProcessingInitializeOnLoad (50ms)
			ProcessInitializeOnLoadAttributes (229ms)
			ProcessInitializeOnLoadMethodAttributes (22ms)
			AfterProcessingInitializeOnLoad (7ms)
			EditorAssembliesLoaded (0ms)
		ExecutionOrderSort2 (0ms)
		AwakeInstancesAfterBackupRestoration (6ms)
Refreshing native plugins compatible for Editor in 4.14 ms, found 5 plugins.
Preloading 0 native plugins for Editor in 0.00 ms.
Unloading 3702 Unused Serialized files (Serialized files now loaded: 0)
Unloading 37 unused Assets / (75.3 KB). Loaded Objects now: 4215.
Memory consumption went from 151.8 MB to 151.7 MB.
Total: 2.746800 ms (FindLiveObjects: 0.257500 ms CreateObjectMapping: 0.090200 ms MarkObjects: 2.292400 ms  DeleteObjects: 0.105000 ms)

Prepare: number of updated asset objects reloaded= 0
AssetImportParameters requested are different than current active one (requested -> active):
  custom:container-demuxer-ogg: 62fdf1f143b41e24485cea50d1cbac27 -> 
  custom:video-codec-MediaFoundation-h265: 746d11721c4dcdbdad8f713fa42b33f4 -> 
  custom:video-decoder-ogg-theora: a1e56fd34408186e4bbccfd4996cb3dc -> 
  custom:framework-win-MediaFoundation: 216162199b28c13a410421893ffa2e32 -> 
  custom:CustomObjectIndexerAttribute: 6d391050e5a25f67b0a2c618074f2cd9 -> 
  custom:container-demuxer-webm: 4f35f7cbe854078d1ac9338744f61a02 -> 
  custom:container-muxer-webm: aa71ff27fc2769a1b78a27578f13a17b -> 
  custom:video-decoder-webm-vp8: 9c59270c3fd7afecdb556c50c9e8de78 -> 
  custom:SearchIndexIgnoredProperties: e643bd26f0fe6173181afceb89e7c659 -> 
  custom:AudioImporter_EditorPlatform: d09bf68614088b80899f8185d706f6e7 -> 
  custom:video-encoder-webm-vp8: eb34c28f22e8b96e1ab97ce403110664 -> 
  custom:audio-decoder-ogg-vorbis: bf7c407c2cedff20999df2af8eb42d56 -> 
  custom:audio-encoder-webm-vorbis: bf7c407c2cedff20999df2af8eb42d56 -> 
========================================================================
Received Prepare
Begin MonoManager ReloadAssembly
- Loaded All Assemblies, in  0.361 seconds
Refreshing native plugins compatible for Editor in 4.77 ms, found 5 plugins.
Native extension for WindowsStandalone target not found
Mono: successfully reloaded assembly
- Finished resetting the current domain, in  0.763 seconds
Domain Reload Profiling: 1123ms
	BeginReloadAssembly (122ms)
		ExecutionOrderSort (0ms)
		DisableScriptedObjects (4ms)
		BackupInstance (0ms)
		ReleaseScriptingObjects (0ms)
		CreateAndSetChildDomain (27ms)
	RebuildCommonClasses (23ms)
	RebuildNativeTypeToScriptingClass (8ms)
	initialDomainReloadingComplete (23ms)
	LoadAllAssembliesAndSetupDomain (183ms)
		LoadAssemblies (238ms)
		RebuildTransferFunctionScriptingTraits (0ms)
		AnalyzeDomain (10ms)
			TypeCache.Refresh (5ms)
				TypeCache.ScanAssembly (0ms)
			ScanForSourceGeneratedMonoScriptInfo (0ms)
			ResolveRequiredComponents (3ms)
	FinalizeReload (764ms)
		ReleaseScriptCaches (0ms)
		RebuildScriptCaches (0ms)
		SetupLoadedEditorAssemblies (359ms)
			LogAssemblyErrors (0ms)
			InitializePlatformSupportModulesInManaged (6ms)
			SetLoadedEditorAssemblies (3ms)
			RefreshPlugins (0ms)
			BeforeProcessingInitializeOnLoad (47ms)
			ProcessInitializeOnLoadAttributes (277ms)
			ProcessInitializeOnLoadMethodAttributes (21ms)
			AfterProcessingInitializeOnLoad (5ms)
			EditorAssembliesLoaded (0ms)
		ExecutionOrderSort2 (0ms)
		AwakeInstancesAfterBackupRestoration (6ms)
Refreshing native plugins compatible for Editor in 4.04 ms, found 5 plugins.
Preloading 0 native plugins for Editor in 0.00 ms.
Unloading 3702 Unused Serialized files (Serialized files now loaded: 0)
Unloading 37 unused Assets / (83.3 KB). Loaded Objects now: 4218.
Memory consumption went from 153.7 MB to 153.6 MB.
Total: 2.421700 ms (FindLiveObjects: 0.205900 ms CreateObjectMapping: 0.096000 ms MarkObjects: 2.008700 ms  DeleteObjects: 0.110200 ms)

Prepare: number of updated asset objects reloaded= 0
AssetImportParameters requested are different than current active one (requested -> active):
  custom:container-demuxer-ogg: 62fdf1f143b41e24485cea50d1cbac27 -> 
  custom:video-codec-MediaFoundation-h265: 746d11721c4dcdbdad8f713fa42b33f4 -> 
  custom:video-decoder-ogg-theora: a1e56fd34408186e4bbccfd4996cb3dc -> 
  custom:framework-win-MediaFoundation: 216162199b28c13a410421893ffa2e32 -> 
  custom:CustomObjectIndexerAttribute: 6d391050e5a25f67b0a2c618074f2cd9 -> 
  custom:container-demuxer-webm: 4f35f7cbe854078d1ac9338744f61a02 -> 
  custom:container-muxer-webm: aa71ff27fc2769a1b78a27578f13a17b -> 
  custom:video-decoder-webm-vp8: 9c59270c3fd7afecdb556c50c9e8de78 -> 
  custom:SearchIndexIgnoredProperties: e643bd26f0fe6173181afceb89e7c659 -> 
  custom:AudioImporter_EditorPlatform: d09bf68614088b80899f8185d706f6e7 -> 
  custom:video-encoder-webm-vp8: eb34c28f22e8b96e1ab97ce403110664 -> 
  custom:audio-decoder-ogg-vorbis: bf7c407c2cedff20999df2af8eb42d56 -> 
  custom:audio-encoder-webm-vorbis: bf7c407c2cedff20999df2af8eb42d56 -> 
========================================================================
Received Prepare
Begin MonoManager ReloadAssembly
- Loaded All Assemblies, in  0.364 seconds
Refreshing native plugins compatible for Editor in 3.73 ms, found 5 plugins.
Native extension for WindowsStandalone target not found
Mono: successfully reloaded assembly
- Finished resetting the current domain, in  0.693 seconds
Domain Reload Profiling: 1055ms
	BeginReloadAssembly (120ms)
		ExecutionOrderSort (0ms)
		DisableScriptedObjects (3ms)
		BackupInstance (0ms)
		ReleaseScriptingObjects (0ms)
		CreateAndSetChildDomain (25ms)
	RebuildCommonClasses (23ms)
	RebuildNativeTypeToScriptingClass (8ms)
	initialDomainReloadingComplete (23ms)
	LoadAllAssembliesAndSetupDomain (188ms)
		LoadAssemblies (243ms)
		RebuildTransferFunctionScriptingTraits (0ms)
		AnalyzeDomain (10ms)
			TypeCache.Refresh (5ms)
				TypeCache.ScanAssembly (0ms)
			ScanForSourceGeneratedMonoScriptInfo (0ms)
			ResolveRequiredComponents (4ms)
	FinalizeReload (694ms)
		ReleaseScriptCaches (0ms)
		RebuildScriptCaches (0ms)
		SetupLoadedEditorAssemblies (315ms)
			LogAssemblyErrors (0ms)
			InitializePlatformSupportModulesInManaged (4ms)
			SetLoadedEditorAssemblies (2ms)
			RefreshPlugins (0ms)
			BeforeProcessingInitializeOnLoad (47ms)
			ProcessInitializeOnLoadAttributes (237ms)
			ProcessInitializeOnLoadMethodAttributes (19ms)
			AfterProcessingInitializeOnLoad (5ms)
			EditorAssembliesLoaded (0ms)
		ExecutionOrderSort2 (0ms)
		AwakeInstancesAfterBackupRestoration (7ms)
Refreshing native plugins compatible for Editor in 4.84 ms, found 5 plugins.
Preloading 0 native plugins for Editor in 0.00 ms.
Unloading 3702 Unused Serialized files (Serialized files now loaded: 0)
Unloading 37 unused Assets / (75.4 KB). Loaded Objects now: 4221.
Memory consumption went from 155.6 MB to 155.6 MB.
Total: 2.328100 ms (FindLiveObjects: 0.202700 ms CreateObjectMapping: 0.091500 ms MarkObjects: 1.929800 ms  DeleteObjects: 0.102900 ms)

Prepare: number of updated asset objects reloaded= 0
AssetImportParameters requested are different than current active one (requested -> active):
  custom:container-demuxer-ogg: 62fdf1f143b41e24485cea50d1cbac27 -> 
  custom:video-codec-MediaFoundation-h265: 746d11721c4dcdbdad8f713fa42b33f4 -> 
  custom:video-decoder-ogg-theora: a1e56fd34408186e4bbccfd4996cb3dc -> 
  custom:framework-win-MediaFoundation: 216162199b28c13a410421893ffa2e32 -> 
  custom:CustomObjectIndexerAttribute: 6d391050e5a25f67b0a2c618074f2cd9 -> 
  custom:container-demuxer-webm: 4f35f7cbe854078d1ac9338744f61a02 -> 
  custom:container-muxer-webm: aa71ff27fc2769a1b78a27578f13a17b -> 
  custom:video-decoder-webm-vp8: 9c59270c3fd7afecdb556c50c9e8de78 -> 
  custom:SearchIndexIgnoredProperties: e643bd26f0fe6173181afceb89e7c659 -> 
  custom:AudioImporter_EditorPlatform: d09bf68614088b80899f8185d706f6e7 -> 
  custom:video-encoder-webm-vp8: eb34c28f22e8b96e1ab97ce403110664 -> 
  custom:audio-decoder-ogg-vorbis: bf7c407c2cedff20999df2af8eb42d56 -> 
  custom:audio-encoder-webm-vorbis: bf7c407c2cedff20999df2af8eb42d56 -> 
========================================================================
Received Prepare
Begin MonoManager ReloadAssembly
- Loaded All Assemblies, in  0.362 seconds
Refreshing native plugins compatible for Editor in 3.87 ms, found 5 plugins.
Native extension for WindowsStandalone target not found
Mono: successfully reloaded assembly
- Finished resetting the current domain, in  0.716 seconds
Domain Reload Profiling: 1077ms
	BeginReloadAssembly (117ms)
		ExecutionOrderSort (0ms)
		DisableScriptedObjects (4ms)
		BackupInstance (0ms)
		ReleaseScriptingObjects (0ms)
		CreateAndSetChildDomain (23ms)
	RebuildCommonClasses (25ms)
	RebuildNativeTypeToScriptingClass (12ms)
	initialDomainReloadingComplete (21ms)
	LoadAllAssembliesAndSetupDomain (185ms)
		LoadAssemblies (236ms)
		RebuildTransferFunctionScriptingTraits (0ms)
		AnalyzeDomain (11ms)
			TypeCache.Refresh (5ms)
				TypeCache.ScanAssembly (0ms)
			ScanForSourceGeneratedMonoScriptInfo (0ms)
			ResolveRequiredComponents (4ms)
	FinalizeReload (717ms)
		ReleaseScriptCaches (0ms)
		RebuildScriptCaches (0ms)
		SetupLoadedEditorAssemblies (314ms)
			LogAssemblyErrors (0ms)
			InitializePlatformSupportModulesInManaged (5ms)
			SetLoadedEditorAssemblies (2ms)
			RefreshPlugins (0ms)
			BeforeProcessingInitializeOnLoad (49ms)
			ProcessInitializeOnLoadAttributes (232ms)
			ProcessInitializeOnLoadMethodAttributes (21ms)
			AfterProcessingInitializeOnLoad (6ms)
			EditorAssembliesLoaded (0ms)
		ExecutionOrderSort2 (0ms)
		AwakeInstancesAfterBackupRestoration (6ms)
Refreshing native plugins compatible for Editor in 3.54 ms, found 5 plugins.
Preloading 0 native plugins for Editor in 0.00 ms.
Unloading 3702 Unused Serialized files (Serialized files now loaded: 0)
Unloading 37 unused Assets / (91.4 KB). Loaded Objects now: 4224.
Memory consumption went from 157.6 MB to 157.5 MB.
Total: 2.813200 ms (FindLiveObjects: 0.251100 ms CreateObjectMapping: 0.099200 ms MarkObjects: 2.339900 ms  DeleteObjects: 0.121100 ms)

Prepare: number of updated asset objects reloaded= 0
AssetImportParameters requested are different than current active one (requested -> active):
  custom:container-demuxer-ogg: 62fdf1f143b41e24485cea50d1cbac27 -> 
  custom:video-codec-MediaFoundation-h265: 746d11721c4dcdbdad8f713fa42b33f4 -> 
  custom:video-decoder-ogg-theora: a1e56fd34408186e4bbccfd4996cb3dc -> 
  custom:framework-win-MediaFoundation: 216162199b28c13a410421893ffa2e32 -> 
  custom:CustomObjectIndexerAttribute: 6d391050e5a25f67b0a2c618074f2cd9 -> 
  custom:container-demuxer-webm: 4f35f7cbe854078d1ac9338744f61a02 -> 
  custom:container-muxer-webm: aa71ff27fc2769a1b78a27578f13a17b -> 
  custom:video-decoder-webm-vp8: 9c59270c3fd7afecdb556c50c9e8de78 -> 
  custom:SearchIndexIgnoredProperties: e643bd26f0fe6173181afceb89e7c659 -> 
  custom:AudioImporter_EditorPlatform: d09bf68614088b80899f8185d706f6e7 -> 
  custom:video-encoder-webm-vp8: eb34c28f22e8b96e1ab97ce403110664 -> 
  custom:audio-decoder-ogg-vorbis: bf7c407c2cedff20999df2af8eb42d56 -> 
  custom:audio-encoder-webm-vorbis: bf7c407c2cedff20999df2af8eb42d56 -> 
========================================================================
Received Prepare
Begin MonoManager ReloadAssembly
- Loaded All Assemblies, in  0.907 seconds
Refreshing native plugins compatible for Editor in 9.51 ms, found 5 plugins.
Native extension for WindowsStandalone target not found
Mono: successfully reloaded assembly
- Finished resetting the current domain, in  3.874 seconds
Domain Reload Profiling: 4775ms
	BeginReloadAssembly (295ms)
		ExecutionOrderSort (0ms)
		DisableScriptedObjects (9ms)
		BackupInstance (0ms)
		ReleaseScriptingObjects (0ms)
		CreateAndSetChildDomain (59ms)
	RebuildCommonClasses (61ms)
	RebuildNativeTypeToScriptingClass (20ms)
	initialDomainReloadingComplete (57ms)
	LoadAllAssembliesAndSetupDomain (467ms)
		LoadAssemblies (621ms)
		RebuildTransferFunctionScriptingTraits (0ms)
		AnalyzeDomain (21ms)
			TypeCache.Refresh (10ms)
				TypeCache.ScanAssembly (0ms)
			ScanForSourceGeneratedMonoScriptInfo (0ms)
			ResolveRequiredComponents (8ms)
	FinalizeReload (3875ms)
		ReleaseScriptCaches (0ms)
		RebuildScriptCaches (0ms)
		SetupLoadedEditorAssemblies (714ms)
			LogAssemblyErrors (0ms)
			InitializePlatformSupportModulesInManaged (14ms)
			SetLoadedEditorAssemblies (5ms)
			RefreshPlugins (0ms)
			BeforeProcessingInitializeOnLoad (107ms)
			ProcessInitializeOnLoadAttributes (532ms)
			ProcessInitializeOnLoadMethodAttributes (40ms)
			AfterProcessingInitializeOnLoad (16ms)
			EditorAssembliesLoaded (0ms)
		ExecutionOrderSort2 (0ms)
		AwakeInstancesAfterBackupRestoration (16ms)
Refreshing native plugins compatible for Editor in 12.23 ms, found 5 plugins.
Preloading 0 native plugins for Editor in 0.00 ms.
Unloading 3702 Unused Serialized files (Serialized files now loaded: 0)
Unloading 37 unused Assets / (100.6 KB). Loaded Objects now: 4227.
Memory consumption went from 159.5 MB to 159.4 MB.
Total: 4.945700 ms (FindLiveObjects: 0.460500 ms CreateObjectMapping: 0.519600 ms MarkObjects: 3.802900 ms  DeleteObjects: 0.160500 ms)

Prepare: number of updated asset objects reloaded= 0
AssetImportParameters requested are different than current active one (requested -> active):
  custom:container-demuxer-ogg: 62fdf1f143b41e24485cea50d1cbac27 -> 
  custom:video-codec-MediaFoundation-h265: 746d11721c4dcdbdad8f713fa42b33f4 -> 
  custom:video-decoder-ogg-theora: a1e56fd34408186e4bbccfd4996cb3dc -> 
  custom:framework-win-MediaFoundation: 216162199b28c13a410421893ffa2e32 -> 
  custom:CustomObjectIndexerAttribute: 6d391050e5a25f67b0a2c618074f2cd9 -> 
  custom:container-demuxer-webm: 4f35f7cbe854078d1ac9338744f61a02 -> 
  custom:container-muxer-webm: aa71ff27fc2769a1b78a27578f13a17b -> 
  custom:video-decoder-webm-vp8: 9c59270c3fd7afecdb556c50c9e8de78 -> 
  custom:SearchIndexIgnoredProperties: e643bd26f0fe6173181afceb89e7c659 -> 
  custom:AudioImporter_EditorPlatform: d09bf68614088b80899f8185d706f6e7 -> 
  custom:video-encoder-webm-vp8: eb34c28f22e8b96e1ab97ce403110664 -> 
  custom:audio-decoder-ogg-vorbis: bf7c407c2cedff20999df2af8eb42d56 -> 
  custom:audio-encoder-webm-vorbis: bf7c407c2cedff20999df2af8eb42d56 -> 
========================================================================
Received Prepare
Begin MonoManager ReloadAssembly
- Loaded All Assemblies, in  0.392 seconds
Refreshing native plugins compatible for Editor in 3.73 ms, found 5 plugins.
Native extension for WindowsStandalone target not found
Mono: successfully reloaded assembly
- Finished resetting the current domain, in  1.400 seconds
Domain Reload Profiling: 1790ms
	BeginReloadAssembly (131ms)
		ExecutionOrderSort (0ms)
		DisableScriptedObjects (3ms)
		BackupInstance (0ms)
		ReleaseScriptingObjects (0ms)
		CreateAndSetChildDomain (28ms)
	RebuildCommonClasses (24ms)
	RebuildNativeTypeToScriptingClass (8ms)
	initialDomainReloadingComplete (22ms)
	LoadAllAssembliesAndSetupDomain (205ms)
		LoadAssemblies (267ms)
		RebuildTransferFunctionScriptingTraits (0ms)
		AnalyzeDomain (10ms)
			TypeCache.Refresh (5ms)
				TypeCache.ScanAssembly (0ms)
			ScanForSourceGeneratedMonoScriptInfo (0ms)
			ResolveRequiredComponents (4ms)
	FinalizeReload (1401ms)
		ReleaseScriptCaches (0ms)
		RebuildScriptCaches (0ms)
		SetupLoadedEditorAssemblies (349ms)
			LogAssemblyErrors (0ms)
			InitializePlatformSupportModulesInManaged (5ms)
			SetLoadedEditorAssemblies (3ms)
			RefreshPlugins (0ms)
			BeforeProcessingInitializeOnLoad (54ms)
			ProcessInitializeOnLoadAttributes (259ms)
			ProcessInitializeOnLoadMethodAttributes (22ms)
			AfterProcessingInitializeOnLoad (7ms)
			EditorAssembliesLoaded (0ms)
		ExecutionOrderSort2 (0ms)
		AwakeInstancesAfterBackupRestoration (6ms)
Refreshing native plugins compatible for Editor in 5.74 ms, found 5 plugins.
Preloading 0 native plugins for Editor in 0.00 ms.
Unloading 3702 Unused Serialized files (Serialized files now loaded: 0)
Unloading 37 unused Assets / (91.6 KB). Loaded Objects now: 4230.
Memory consumption went from 161.4 MB to 161.3 MB.
Total: 4.317400 ms (FindLiveObjects: 0.430400 ms CreateObjectMapping: 0.218400 ms MarkObjects: 3.485300 ms  DeleteObjects: 0.180800 ms)

Prepare: number of updated asset objects reloaded= 0
AssetImportParameters requested are different than current active one (requested -> active):
  custom:container-demuxer-ogg: 62fdf1f143b41e24485cea50d1cbac27 -> 
  custom:video-codec-MediaFoundation-h265: 746d11721c4dcdbdad8f713fa42b33f4 -> 
  custom:video-decoder-ogg-theora: a1e56fd34408186e4bbccfd4996cb3dc -> 
  custom:framework-win-MediaFoundation: 216162199b28c13a410421893ffa2e32 -> 
  custom:CustomObjectIndexerAttribute: 6d391050e5a25f67b0a2c618074f2cd9 -> 
  custom:container-demuxer-webm: 4f35f7cbe854078d1ac9338744f61a02 -> 
  custom:container-muxer-webm: aa71ff27fc2769a1b78a27578f13a17b -> 
  custom:video-decoder-webm-vp8: 9c59270c3fd7afecdb556c50c9e8de78 -> 
  custom:SearchIndexIgnoredProperties: e643bd26f0fe6173181afceb89e7c659 -> 
  custom:AudioImporter_EditorPlatform: d09bf68614088b80899f8185d706f6e7 -> 
  custom:video-encoder-webm-vp8: eb34c28f22e8b96e1ab97ce403110664 -> 
  custom:audio-decoder-ogg-vorbis: bf7c407c2cedff20999df2af8eb42d56 -> 
  custom:audio-encoder-webm-vorbis: bf7c407c2cedff20999df2af8eb42d56 -> 
========================================================================
Received Prepare
Begin MonoManager ReloadAssembly
- Loaded All Assemblies, in  0.800 seconds
Refreshing native plugins compatible for Editor in 4.96 ms, found 5 plugins.
Native extension for WindowsStandalone target not found
Mono: successfully reloaded assembly
- Finished resetting the current domain, in  3.094 seconds
Domain Reload Profiling: 3891ms
	BeginReloadAssembly (199ms)
		ExecutionOrderSort (0ms)
		DisableScriptedObjects (7ms)
		BackupInstance (0ms)
		ReleaseScriptingObjects (0ms)
		CreateAndSetChildDomain (50ms)
	RebuildCommonClasses (39ms)
	RebuildNativeTypeToScriptingClass (10ms)
	initialDomainReloadingComplete (31ms)
	LoadAllAssembliesAndSetupDomain (518ms)
		LoadAssemblies (605ms)
		RebuildTransferFunctionScriptingTraits (0ms)
		AnalyzeDomain (15ms)
			TypeCache.Refresh (7ms)
				TypeCache.ScanAssembly (0ms)
			ScanForSourceGeneratedMonoScriptInfo (0ms)
			ResolveRequiredComponents (6ms)
	FinalizeReload (3095ms)
		ReleaseScriptCaches (0ms)
		RebuildScriptCaches (0ms)
		SetupLoadedEditorAssemblies (425ms)
			LogAssemblyErrors (0ms)
			InitializePlatformSupportModulesInManaged (8ms)
			SetLoadedEditorAssemblies (3ms)
			RefreshPlugins (0ms)
			BeforeProcessingInitializeOnLoad (66ms)
			ProcessInitializeOnLoadAttributes (314ms)
			ProcessInitializeOnLoadMethodAttributes (26ms)
			AfterProcessingInitializeOnLoad (7ms)
			EditorAssembliesLoaded (0ms)
		ExecutionOrderSort2 (0ms)
		AwakeInstancesAfterBackupRestoration (6ms)
Refreshing native plugins compatible for Editor in 5.40 ms, found 5 plugins.
Preloading 0 native plugins for Editor in 0.00 ms.
Unloading 3702 Unused Serialized files (Serialized files now loaded: 0)
Unloading 37 unused Assets / (99.6 KB). Loaded Objects now: 4233.
Memory consumption went from 163.3 MB to 163.2 MB.
Total: 4.193200 ms (FindLiveObjects: 0.268300 ms CreateObjectMapping: 0.271600 ms MarkObjects: 3.437000 ms  DeleteObjects: 0.214700 ms)

Prepare: number of updated asset objects reloaded= 0
AssetImportParameters requested are different than current active one (requested -> active):
  custom:container-demuxer-ogg: 62fdf1f143b41e24485cea50d1cbac27 -> 
  custom:video-codec-MediaFoundation-h265: 746d11721c4dcdbdad8f713fa42b33f4 -> 
  custom:video-decoder-ogg-theora: a1e56fd34408186e4bbccfd4996cb3dc -> 
  custom:framework-win-MediaFoundation: 216162199b28c13a410421893ffa2e32 -> 
  custom:CustomObjectIndexerAttribute: 6d391050e5a25f67b0a2c618074f2cd9 -> 
  custom:container-demuxer-webm: 4f35f7cbe854078d1ac9338744f61a02 -> 
  custom:container-muxer-webm: aa71ff27fc2769a1b78a27578f13a17b -> 
  custom:video-decoder-webm-vp8: 9c59270c3fd7afecdb556c50c9e8de78 -> 
  custom:SearchIndexIgnoredProperties: e643bd26f0fe6173181afceb89e7c659 -> 
  custom:AudioImporter_EditorPlatform: d09bf68614088b80899f8185d706f6e7 -> 
  custom:video-encoder-webm-vp8: eb34c28f22e8b96e1ab97ce403110664 -> 
  custom:audio-decoder-ogg-vorbis: bf7c407c2cedff20999df2af8eb42d56 -> 
  custom:audio-encoder-webm-vorbis: bf7c407c2cedff20999df2af8eb42d56 -> 
========================================================================
Received Prepare
Begin MonoManager ReloadAssembly
- Loaded All Assemblies, in  0.894 seconds
Refreshing native plugins compatible for Editor in 4.12 ms, found 5 plugins.
Native extension for WindowsStandalone target not found
Mono: successfully reloaded assembly
- Finished resetting the current domain, in  1.237 seconds
Domain Reload Profiling: 2122ms
	BeginReloadAssembly (297ms)
		ExecutionOrderSort (0ms)
		DisableScriptedObjects (10ms)
		BackupInstance (0ms)
		ReleaseScriptingObjects (0ms)
		CreateAndSetChildDomain (67ms)
	RebuildCommonClasses (65ms)
	RebuildNativeTypeToScriptingClass (29ms)
	initialDomainReloadingComplete (75ms)
	LoadAllAssembliesAndSetupDomain (419ms)
		LoadAssemblies (565ms)
		RebuildTransferFunctionScriptingTraits (0ms)
		AnalyzeDomain (12ms)
			TypeCache.Refresh (6ms)
				TypeCache.ScanAssembly (0ms)
			ScanForSourceGeneratedMonoScriptInfo (0ms)
			ResolveRequiredComponents (4ms)
	FinalizeReload (1237ms)
		ReleaseScriptCaches (0ms)
		RebuildScriptCaches (0ms)
		SetupLoadedEditorAssemblies (358ms)
			LogAssemblyErrors (0ms)
			InitializePlatformSupportModulesInManaged (6ms)
			SetLoadedEditorAssemblies (3ms)
			RefreshPlugins (0ms)
			BeforeProcessingInitializeOnLoad (53ms)
			ProcessInitializeOnLoadAttributes (271ms)
			ProcessInitializeOnLoadMethodAttributes (21ms)
			AfterProcessingInitializeOnLoad (5ms)
			EditorAssembliesLoaded (0ms)
		ExecutionOrderSort2 (0ms)
		AwakeInstancesAfterBackupRestoration (7ms)
Refreshing native plugins compatible for Editor in 4.42 ms, found 5 plugins.
Preloading 0 native plugins for Editor in 0.00 ms.
Unloading 3702 Unused Serialized files (Serialized files now loaded: 0)
Unloading 37 unused Assets / (83.4 KB). Loaded Objects now: 4236.
Memory consumption went from 165.2 MB to 165.2 MB.
Total: 2.483300 ms (FindLiveObjects: 0.210200 ms CreateObjectMapping: 0.097900 ms MarkObjects: 2.060600 ms  DeleteObjects: 0.113200 ms)

Prepare: number of updated asset objects reloaded= 0
AssetImportParameters requested are different than current active one (requested -> active):
  custom:container-demuxer-ogg: 62fdf1f143b41e24485cea50d1cbac27 -> 
  custom:video-codec-MediaFoundation-h265: 746d11721c4dcdbdad8f713fa42b33f4 -> 
  custom:video-decoder-ogg-theora: a1e56fd34408186e4bbccfd4996cb3dc -> 
  custom:framework-win-MediaFoundation: 216162199b28c13a410421893ffa2e32 -> 
  custom:CustomObjectIndexerAttribute: 6d391050e5a25f67b0a2c618074f2cd9 -> 
  custom:container-demuxer-webm: 4f35f7cbe854078d1ac9338744f61a02 -> 
  custom:container-muxer-webm: aa71ff27fc2769a1b78a27578f13a17b -> 
  custom:video-decoder-webm-vp8: 9c59270c3fd7afecdb556c50c9e8de78 -> 
  custom:SearchIndexIgnoredProperties: e643bd26f0fe6173181afceb89e7c659 -> 
  custom:AudioImporter_EditorPlatform: d09bf68614088b80899f8185d706f6e7 -> 
  custom:video-encoder-webm-vp8: eb34c28f22e8b96e1ab97ce403110664 -> 
  custom:audio-decoder-ogg-vorbis: bf7c407c2cedff20999df2af8eb42d56 -> 
  custom:audio-encoder-webm-vorbis: bf7c407c2cedff20999df2af8eb42d56 -> 
========================================================================
Received Import Request.
  Time since last request: 1513.146635 seconds.
  path: Assets/Scripts/CameraStreamer.cs
  artifactKey: Guid(101eb331691bf3c42bca497063a15aa8) Importer(815301076,1909f56bfc062723c751e8b465ee728b)
Start importing Assets/Scripts/CameraStreamer.cs using Guid(101eb331691bf3c42bca497063a15aa8) Importer(815301076,1909f56bfc062723c751e8b465ee728b)  -> (artifact id: '14abf3435c490ee89782d9a4c8ed6177') in 0.006123 seconds
Number of updated asset objects reloaded before import = 0
Number of asset objects unloaded after import = 0
========================================================================
Received Import Request.
  Time since last request: 20.885825 seconds.
  path: Assets/Scripts/VisionData.cs
  artifactKey: Guid(f40e913cf1ab73e44a1dc76461aa3355) Importer(815301076,1909f56bfc062723c751e8b465ee728b)
Start importing Assets/Scripts/VisionData.cs using Guid(f40e913cf1ab73e44a1dc76461aa3355) Importer(815301076,1909f56bfc062723c751e8b465ee728b)  -> (artifact id: '6f01cacbdc80bc88f30a7b2a5d979ebe') in 0.000947 seconds
Number of updated asset objects reloaded before import = 0
Number of asset objects unloaded after import = 0
========================================================================
Received Import Request.
  Time since last request: 8.487560 seconds.
  path: Assets/Scripts/UnityMainThreadDispatcher.cs
  artifactKey: Guid(1bf1905b606401e49b3c534df85e4e7b) Importer(815301076,1909f56bfc062723c751e8b465ee728b)
Start importing Assets/Scripts/UnityMainThreadDispatcher.cs using Guid(1bf1905b606401e49b3c534df85e4e7b) Importer(815301076,1909f56bfc062723c751e8b465ee728b)  -> (artifact id: '7fa6360eded91b7383059f56b90dc230') in 0.000955 seconds
Number of updated asset objects reloaded before import = 0
Number of asset objects unloaded after import = 0
========================================================================
Received Import Request.
  Time since last request: 3.627013 seconds.
  path: Assets/Scripts/SpawnerSimple.cs
  artifactKey: Guid(0e9ef30cacbb89a418ceefb4d7dda02f) Importer(815301076,1909f56bfc062723c751e8b465ee728b)
Start importing Assets/Scripts/SpawnerSimple.cs using Guid(0e9ef30cacbb89a418ceefb4d7dda02f) Importer(815301076,1909f56bfc062723c751e8b465ee728b)  -> (artifact id: 'c3a2bd9fbcf91f308865a4a61b234ef8') in 0.000724 seconds
Number of updated asset objects reloaded before import = 0
Number of asset objects unloaded after import = 0
========================================================================
Received Import Request.
  Time since last request: 3.664429 seconds.
  path: Assets/Scripts/RobotTester.cs
  artifactKey: Guid(9db1808ab0ea61f4a9d275b20828de78) Importer(815301076,1909f56bfc062723c751e8b465ee728b)
Start importing Assets/Scripts/RobotTester.cs using Guid(9db1808ab0ea61f4a9d275b20828de78) Importer(815301076,1909f56bfc062723c751e8b465ee728b)  -> (artifact id: '9817f45c11da647c5185271de25e3f3e') in 0.001585 seconds
Number of updated asset objects reloaded before import = 0
Number of asset objects unloaded after import = 0
========================================================================
Received Import Request.
  Time since last request: 4.860984 seconds.
  path: Assets/Scripts/ConveyorEstadoGlobal.cs
  artifactKey: Guid(3d932558352df0f4da7381562daae17b) Importer(815301076,1909f56bfc062723c751e8b465ee728b)
Start importing Assets/Scripts/ConveyorEstadoGlobal.cs using Guid(3d932558352df0f4da7381562daae17b) Importer(815301076,1909f56bfc062723c751e8b465ee728b)  -> (artifact id: '920c9fe3cc94fc11c9d8301837e2ab59') in 0.000824 seconds
Number of updated asset objects reloaded before import = 0
Number of asset objects unloaded after import = 0
========================================================================
Received Import Request.
  Time since last request: 0.906938 seconds.
  path: Assets/Scripts/CintaVisualScroller.cs
  artifactKey: Guid(754085cbab30ded44ba453510e2a907b) Importer(815301076,1909f56bfc062723c751e8b465ee728b)
Start importing Assets/Scripts/CintaVisualScroller.cs using Guid(754085cbab30ded44ba453510e2a907b) Importer(815301076,1909f56bfc062723c751e8b465ee728b)  -> (artifact id: '233c316a7d39d6c815354256980529f1') in 0.000623 seconds
Number of updated asset objects reloaded before import = 0
Number of asset objects unloaded after import = 0
========================================================================
Received Prepare
Begin MonoManager ReloadAssembly
- Loaded All Assemblies, in  0.903 seconds
Refreshing native plugins compatible for Editor in 12.67 ms, found 5 plugins.
Native extension for WindowsStandalone target not found
Mono: successfully reloaded assembly
- Finished resetting the current domain, in  8.740 seconds
Domain Reload Profiling: 9635ms
	BeginReloadAssembly (271ms)
		ExecutionOrderSort (0ms)
		DisableScriptedObjects (9ms)
		BackupInstance (0ms)
		ReleaseScriptingObjects (0ms)
		CreateAndSetChildDomain (59ms)
	RebuildCommonClasses (56ms)
	RebuildNativeTypeToScriptingClass (22ms)
	initialDomainReloadingComplete (62ms)
	LoadAllAssembliesAndSetupDomain (484ms)
		LoadAssemblies (598ms)
		RebuildTransferFunctionScriptingTraits (0ms)
		AnalyzeDomain (40ms)
			TypeCache.Refresh (14ms)
				TypeCache.ScanAssembly (0ms)
			ScanForSourceGeneratedMonoScriptInfo (14ms)
			ResolveRequiredComponents (9ms)
	FinalizeReload (8740ms)
		ReleaseScriptCaches (0ms)
		RebuildScriptCaches (0ms)
		SetupLoadedEditorAssemblies (333ms)
			LogAssemblyErrors (0ms)
			InitializePlatformSupportModulesInManaged (5ms)
			SetLoadedEditorAssemblies (3ms)
			RefreshPlugins (0ms)
			BeforeProcessingInitializeOnLoad (57ms)
			ProcessInitializeOnLoadAttributes (234ms)
			ProcessInitializeOnLoadMethodAttributes (27ms)
			AfterProcessingInitializeOnLoad (7ms)
			EditorAssembliesLoaded (0ms)
		ExecutionOrderSort2 (0ms)
		AwakeInstancesAfterBackupRestoration (9ms)
Refreshing native plugins compatible for Editor in 4.01 ms, found 5 plugins.
Preloading 0 native plugins for Editor in 0.00 ms.
Unloading 3701 Unused Serialized files (Serialized files now loaded: 0)
Unloading 37 unused Assets / (75.4 KB). Loaded Objects now: 4239.
Memory consumption went from 166.9 MB to 166.8 MB.
Total: 2.659700 ms (FindLiveObjects: 0.188900 ms CreateObjectMapping: 0.239600 ms MarkObjects: 2.138100 ms  DeleteObjects: 0.092000 ms)

Prepare: number of updated asset objects reloaded= 0
AssetImportParameters requested are different than current active one (requested -> active):
  custom:container-demuxer-ogg: 62fdf1f143b41e24485cea50d1cbac27 -> 
  custom:video-codec-MediaFoundation-h265: 746d11721c4dcdbdad8f713fa42b33f4 -> 
  custom:video-decoder-ogg-theora: a1e56fd34408186e4bbccfd4996cb3dc -> 
  custom:framework-win-MediaFoundation: 216162199b28c13a410421893ffa2e32 -> 
  custom:CustomObjectIndexerAttribute: 6d391050e5a25f67b0a2c618074f2cd9 -> 
  custom:container-demuxer-webm: 4f35f7cbe854078d1ac9338744f61a02 -> 
  custom:container-muxer-webm: aa71ff27fc2769a1b78a27578f13a17b -> 
  custom:video-decoder-webm-vp8: 9c59270c3fd7afecdb556c50c9e8de78 -> 
  custom:SearchIndexIgnoredProperties: e643bd26f0fe6173181afceb89e7c659 -> 
  custom:AudioImporter_EditorPlatform: d09bf68614088b80899f8185d706f6e7 -> 
  custom:video-encoder-webm-vp8: eb34c28f22e8b96e1ab97ce403110664 -> 
  custom:audio-decoder-ogg-vorbis: bf7c407c2cedff20999df2af8eb42d56 -> 
  custom:audio-encoder-webm-vorbis: bf7c407c2cedff20999df2af8eb42d56 -> 
========================================================================
Received Prepare
Begin MonoManager ReloadAssembly
- Loaded All Assemblies, in  0.371 seconds
Refreshing native plugins compatible for Editor in 3.92 ms, found 5 plugins.
Native extension for WindowsStandalone target not found
Mono: successfully reloaded assembly
- Finished resetting the current domain, in  0.659 seconds
Domain Reload Profiling: 1027ms
	BeginReloadAssembly (116ms)
		ExecutionOrderSort (0ms)
		DisableScriptedObjects (3ms)
		BackupInstance (0ms)
		ReleaseScriptingObjects (0ms)
		CreateAndSetChildDomain (24ms)
	RebuildCommonClasses (24ms)
	RebuildNativeTypeToScriptingClass (7ms)
	initialDomainReloadingComplete (23ms)
	LoadAllAssembliesAndSetupDomain (198ms)
		LoadAssemblies (243ms)
		RebuildTransferFunctionScriptingTraits (0ms)
		AnalyzeDomain (19ms)
			TypeCache.Refresh (7ms)
				TypeCache.ScanAssembly (0ms)
			ScanForSourceGeneratedMonoScriptInfo (7ms)
			ResolveRequiredComponents (3ms)
	FinalizeReload (659ms)
		ReleaseScriptCaches (0ms)
		RebuildScriptCaches (0ms)
		SetupLoadedEditorAssemblies (284ms)
			LogAssemblyErrors (0ms)
			InitializePlatformSupportModulesInManaged (5ms)
			SetLoadedEditorAssemblies (3ms)
			RefreshPlugins (0ms)
			BeforeProcessingInitializeOnLoad (45ms)
			ProcessInitializeOnLoadAttributes (208ms)
			ProcessInitializeOnLoadMethodAttributes (18ms)
			AfterProcessingInitializeOnLoad (6ms)
			EditorAssembliesLoaded (0ms)
		ExecutionOrderSort2 (0ms)
		AwakeInstancesAfterBackupRestoration (7ms)
Refreshing native plugins compatible for Editor in 3.70 ms, found 5 plugins.
Preloading 0 native plugins for Editor in 0.00 ms.
Unloading 3702 Unused Serialized files (Serialized files now loaded: 0)
Unloading 37 unused Assets / (75.5 KB). Loaded Objects now: 4242.
Memory consumption went from 169.1 MB to 169.0 MB.
Total: 3.198500 ms (FindLiveObjects: 0.209200 ms CreateObjectMapping: 0.098200 ms MarkObjects: 2.768400 ms  DeleteObjects: 0.121000 ms)

Prepare: number of updated asset objects reloaded= 0
AssetImportParameters requested are different than current active one (requested -> active):
  custom:container-demuxer-ogg: 62fdf1f143b41e24485cea50d1cbac27 -> 
  custom:video-codec-MediaFoundation-h265: 746d11721c4dcdbdad8f713fa42b33f4 -> 
  custom:video-decoder-ogg-theora: a1e56fd34408186e4bbccfd4996cb3dc -> 
  custom:framework-win-MediaFoundation: 216162199b28c13a410421893ffa2e32 -> 
  custom:CustomObjectIndexerAttribute: 6d391050e5a25f67b0a2c618074f2cd9 -> 
  custom:container-demuxer-webm: 4f35f7cbe854078d1ac9338744f61a02 -> 
  custom:container-muxer-webm: aa71ff27fc2769a1b78a27578f13a17b -> 
  custom:video-decoder-webm-vp8: 9c59270c3fd7afecdb556c50c9e8de78 -> 
  custom:SearchIndexIgnoredProperties: e643bd26f0fe6173181afceb89e7c659 -> 
  custom:AudioImporter_EditorPlatform: d09bf68614088b80899f8185d706f6e7 -> 
  custom:video-encoder-webm-vp8: eb34c28f22e8b96e1ab97ce403110664 -> 
  custom:audio-decoder-ogg-vorbis: bf7c407c2cedff20999df2af8eb42d56 -> 
  custom:audio-encoder-webm-vorbis: bf7c407c2cedff20999df2af8eb42d56 -> 
========================================================================
Received Import Request.
  Time since last request: 429.935716 seconds.
  path: Assets/Scripts/PrintGlobalPosition.cs
  artifactKey: Guid(5a8e17fcc9dacf2469f02b2675ac2b5f) Importer(815301076,1909f56bfc062723c751e8b465ee728b)
Start importing Assets/Scripts/PrintGlobalPosition.cs using Guid(5a8e17fcc9dacf2469f02b2675ac2b5f) Importer(815301076,1909f56bfc062723c751e8b465ee728b)  -> (artifact id: 'a13ae8ebd8062423524003f2337da830') in 0.003983 seconds
Number of updated asset objects reloaded before import = 0
Number of asset objects unloaded after import = 0
========================================================================
Received Prepare
Begin MonoManager ReloadAssembly
- Loaded All Assemblies, in  1.210 seconds
Refreshing native plugins compatible for Editor in 13.29 ms, found 5 plugins.
Native extension for WindowsStandalone target not found
Mono: successfully reloaded assembly
- Finished resetting the current domain, in  4.837 seconds
Domain Reload Profiling: 6041ms
	BeginReloadAssembly (301ms)
		ExecutionOrderSort (0ms)
		DisableScriptedObjects (13ms)
		BackupInstance (0ms)
		ReleaseScriptingObjects (0ms)
		CreateAndSetChildDomain (44ms)
	RebuildCommonClasses (97ms)
	RebuildNativeTypeToScriptingClass (59ms)
	initialDomainReloadingComplete (158ms)
	LoadAllAssembliesAndSetupDomain (588ms)
		LoadAssemblies (722ms)
		RebuildTransferFunctionScriptingTraits (0ms)
		AnalyzeDomain (50ms)
			TypeCache.Refresh (15ms)
				TypeCache.ScanAssembly (0ms)
			ScanForSourceGeneratedMonoScriptInfo (19ms)
			ResolveRequiredComponents (13ms)
	FinalizeReload (4838ms)
		ReleaseScriptCaches (0ms)
		RebuildScriptCaches (0ms)
		SetupLoadedEditorAssemblies (683ms)
			LogAssemblyErrors (0ms)
			InitializePlatformSupportModulesInManaged (14ms)
			SetLoadedEditorAssemblies (5ms)
			RefreshPlugins (0ms)
			BeforeProcessingInitializeOnLoad (106ms)
			ProcessInitializeOnLoadAttributes (503ms)
			ProcessInitializeOnLoadMethodAttributes (40ms)
			AfterProcessingInitializeOnLoad (14ms)
			EditorAssembliesLoaded (0ms)
		ExecutionOrderSort2 (0ms)
		AwakeInstancesAfterBackupRestoration (14ms)
Refreshing native plugins compatible for Editor in 15.15 ms, found 5 plugins.
Preloading 0 native plugins for Editor in 0.00 ms.
Unloading 3702 Unused Serialized files (Serialized files now loaded: 0)
Unloading 37 unused Assets / (75.4 KB). Loaded Objects now: 4246.
Memory consumption went from 170.8 MB to 170.7 MB.
Total: 4.068600 ms (FindLiveObjects: 0.352200 ms CreateObjectMapping: 0.142100 ms MarkObjects: 3.438600 ms  DeleteObjects: 0.133600 ms)

Prepare: number of updated asset objects reloaded= 0
AssetImportParameters requested are different than current active one (requested -> active):
  custom:container-demuxer-ogg: 62fdf1f143b41e24485cea50d1cbac27 -> 
  custom:video-codec-MediaFoundation-h265: 746d11721c4dcdbdad8f713fa42b33f4 -> 
  custom:video-decoder-ogg-theora: a1e56fd34408186e4bbccfd4996cb3dc -> 
  custom:framework-win-MediaFoundation: 216162199b28c13a410421893ffa2e32 -> 
  custom:CustomObjectIndexerAttribute: 6d391050e5a25f67b0a2c618074f2cd9 -> 
  custom:container-demuxer-webm: 4f35f7cbe854078d1ac9338744f61a02 -> 
  custom:container-muxer-webm: aa71ff27fc2769a1b78a27578f13a17b -> 
  custom:video-decoder-webm-vp8: 9c59270c3fd7afecdb556c50c9e8de78 -> 
  custom:SearchIndexIgnoredProperties: e643bd26f0fe6173181afceb89e7c659 -> 
  custom:AudioImporter_EditorPlatform: d09bf68614088b80899f8185d706f6e7 -> 
  custom:video-encoder-webm-vp8: eb34c28f22e8b96e1ab97ce403110664 -> 
  custom:audio-decoder-ogg-vorbis: bf7c407c2cedff20999df2af8eb42d56 -> 
  custom:audio-encoder-webm-vorbis: bf7c407c2cedff20999df2af8eb42d56 -> 
========================================================================
Received Import Request.
  Time since last request: 14.031641 seconds.
  path: Assets/Scripts/PrintGlobalPosition.cs
  artifactKey: Guid(5a8e17fcc9dacf2469f02b2675ac2b5f) Importer(815301076,1909f56bfc062723c751e8b465ee728b)
Start importing Assets/Scripts/PrintGlobalPosition.cs using Guid(5a8e17fcc9dacf2469f02b2675ac2b5f) Importer(815301076,1909f56bfc062723c751e8b465ee728b)  -> (artifact id: '00000000000000000000000000000000') in 0.003817 seconds
Import Error Code:(4)
Message: Build asset version error: assets/scripts/printglobalposition.cs in SourceAssetDB has modification time of '2025-12-03T19:24:12.3178635Z' while content on disk has modification time of '2025-12-03T19:24:24.7388637Z'
  ERROR: Build asset version error: assets/scripts/printglobalposition.cs in SourceAssetDB has modification time of '2025-12-03T19:24:12.3178635Z' while content on disk has modification time of '2025-12-03T19:24:24.7388637Z'
Number of updated asset objects reloaded before import = 0
Number of asset objects unloaded after import = 0
========================================================================
Received Import Request.
  Time since last request: 0.001544 seconds.
  path: Assets/Scripts/PrintGlobalPosition.cs
  artifactKey: Guid(5a8e17fcc9dacf2469f02b2675ac2b5f) Importer(815301076,1909f56bfc062723c751e8b465ee728b)
Start importing Assets/Scripts/PrintGlobalPosition.cs using Guid(5a8e17fcc9dacf2469f02b2675ac2b5f) Importer(815301076,1909f56bfc062723c751e8b465ee728b)  -> (artifact id: '00000000000000000000000000000000') in 0.000701 seconds
Import Error Code:(4)
Message: Build asset version error: assets/scripts/printglobalposition.cs in SourceAssetDB has modification time of '2025-12-03T19:24:12.3178635Z' while content on disk has modification time of '2025-12-03T19:24:24.7388637Z'
  ERROR: Build asset version error: assets/scripts/printglobalposition.cs in SourceAssetDB has modification time of '2025-12-03T19:24:12.3178635Z' while content on disk has modification time of '2025-12-03T19:24:24.7388637Z'
Number of updated asset objects reloaded before import = 0
Number of asset objects unloaded after import = 0
========================================================================
Received Import Request.
  Time since last request: 0.010814 seconds.
  path: Assets/Scripts/PrintGlobalPosition.cs
  artifactKey: Guid(5a8e17fcc9dacf2469f02b2675ac2b5f) Importer(815301076,1909f56bfc062723c751e8b465ee728b)
Start importing Assets/Scripts/PrintGlobalPosition.cs using Guid(5a8e17fcc9dacf2469f02b2675ac2b5f) Importer(815301076,1909f56bfc062723c751e8b465ee728b)  -> (artifact id: '00000000000000000000000000000000') in 0.000587 seconds
Import Error Code:(4)
Message: Build asset version error: assets/scripts/printglobalposition.cs in SourceAssetDB has modification time of '2025-12-03T19:24:12.3178635Z' while content on disk has modification time of '2025-12-03T19:24:24.7388637Z'
  ERROR: Build asset version error: assets/scripts/printglobalposition.cs in SourceAssetDB has modification time of '2025-12-03T19:24:12.3178635Z' while content on disk has modification time of '2025-12-03T19:24:24.7388637Z'
Number of updated asset objects reloaded before import = 0
Number of asset objects unloaded after import = 0
========================================================================
Received Import Request.
  Time since last request: 0.012773 seconds.
  path: Assets/Scripts/PrintGlobalPosition.cs
  artifactKey: Guid(5a8e17fcc9dacf2469f02b2675ac2b5f) Importer(815301076,1909f56bfc062723c751e8b465ee728b)
Start importing Assets/Scripts/PrintGlobalPosition.cs using Guid(5a8e17fcc9dacf2469f02b2675ac2b5f) Importer(815301076,1909f56bfc062723c751e8b465ee728b)  -> (artifact id: '00000000000000000000000000000000') in 0.000556 seconds
Import Error Code:(4)
Message: Build asset version error: assets/scripts/printglobalposition.cs in SourceAssetDB has modification time of '2025-12-03T19:24:12.3178635Z' while content on disk has modification time of '2025-12-03T19:24:24.7388637Z'
  ERROR: Build asset version error: assets/scripts/printglobalposition.cs in SourceAssetDB has modification time of '2025-12-03T19:24:12.3178635Z' while content on disk has modification time of '2025-12-03T19:24:24.7388637Z'
Number of updated asset objects reloaded before import = 0
Number of asset objects unloaded after import = 0
========================================================================
Received Import Request.
  Time since last request: 0.012941 seconds.
  path: Assets/Scripts/PrintGlobalPosition.cs
  artifactKey: Guid(5a8e17fcc9dacf2469f02b2675ac2b5f) Importer(815301076,1909f56bfc062723c751e8b465ee728b)
Start importing Assets/Scripts/PrintGlobalPosition.cs using Guid(5a8e17fcc9dacf2469f02b2675ac2b5f) Importer(815301076,1909f56bfc062723c751e8b465ee728b)  -> (artifact id: '00000000000000000000000000000000') in 0.000646 seconds
Import Error Code:(4)
Message: Build asset version error: assets/scripts/printglobalposition.cs in SourceAssetDB has modification time of '2025-12-03T19:24:12.3178635Z' while content on disk has modification time of '2025-12-03T19:24:24.7388637Z'
  ERROR: Build asset version error: assets/scripts/printglobalposition.cs in SourceAssetDB has modification time of '2025-12-03T19:24:12.3178635Z' while content on disk has modification time of '2025-12-03T19:24:24.7388637Z'
Number of updated asset objects reloaded before import = 0
Number of asset objects unloaded after import = 0
========================================================================
Received Import Request.
  Time since last request: 0.013814 seconds.
  path: Assets/Scripts/PrintGlobalPosition.cs
  artifactKey: Guid(5a8e17fcc9dacf2469f02b2675ac2b5f) Importer(815301076,1909f56bfc062723c751e8b465ee728b)
Start importing Assets/Scripts/PrintGlobalPosition.cs using Guid(5a8e17fcc9dacf2469f02b2675ac2b5f) Importer(815301076,1909f56bfc062723c751e8b465ee728b)  -> (artifact id: '00000000000000000000000000000000') in 0.000860 seconds
Import Error Code:(4)
Message: Build asset version error: assets/scripts/printglobalposition.cs in SourceAssetDB has modification time of '2025-12-03T19:24:12.3178635Z' while content on disk has modification time of '2025-12-03T19:24:24.7388637Z'
  ERROR: Build asset version error: assets/scripts/printglobalposition.cs in SourceAssetDB has modification time of '2025-12-03T19:24:12.3178635Z' while content on disk has modification time of '2025-12-03T19:24:24.7388637Z'
Number of updated asset objects reloaded before import = 0
Number of asset objects unloaded after import = 0
========================================================================
Received Import Request.
  Time since last request: 0.002339 seconds.
  path: Assets/Scripts/PrintGlobalPosition.cs
  artifactKey: Guid(5a8e17fcc9dacf2469f02b2675ac2b5f) Importer(815301076,1909f56bfc062723c751e8b465ee728b)
Start importing Assets/Scripts/PrintGlobalPosition.cs using Guid(5a8e17fcc9dacf2469f02b2675ac2b5f) Importer(815301076,1909f56bfc062723c751e8b465ee728b)  -> (artifact id: '00000000000000000000000000000000') in 0.000821 seconds
Import Error Code:(4)
Message: Build asset version error: assets/scripts/printglobalposition.cs in SourceAssetDB has modification time of '2025-12-03T19:24:12.3178635Z' while content on disk has modification time of '2025-12-03T19:24:24.7388637Z'
  ERROR: Build asset version error: assets/scripts/printglobalposition.cs in SourceAssetDB has modification time of '2025-12-03T19:24:12.3178635Z' while content on disk has modification time of '2025-12-03T19:24:24.7388637Z'
Number of updated asset objects reloaded before import = 0
Number of asset objects unloaded after import = 0
========================================================================
Received Import Request.
  Time since last request: 0.011756 seconds.
  path: Assets/Scripts/PrintGlobalPosition.cs
  artifactKey: Guid(5a8e17fcc9dacf2469f02b2675ac2b5f) Importer(815301076,1909f56bfc062723c751e8b465ee728b)
Start importing Assets/Scripts/PrintGlobalPosition.cs using Guid(5a8e17fcc9dacf2469f02b2675ac2b5f) Importer(815301076,1909f56bfc062723c751e8b465ee728b)  -> (artifact id: '00000000000000000000000000000000') in 0.000634 seconds
Import Error Code:(4)
Message: Build asset version error: assets/scripts/printglobalposition.cs in SourceAssetDB has modification time of '2025-12-03T19:24:12.3178635Z' while content on disk has modification time of '2025-12-03T19:24:24.7388637Z'
  ERROR: Build asset version error: assets/scripts/printglobalposition.cs in SourceAssetDB has modification time of '2025-12-03T19:24:12.3178635Z' while content on disk has modification time of '2025-12-03T19:24:24.7388637Z'
Number of updated asset objects reloaded before import = 0
Number of asset objects unloaded after import = 0
========================================================================
Received Import Request.
  Time since last request: 0.012939 seconds.
  path: Assets/Scripts/PrintGlobalPosition.cs
  artifactKey: Guid(5a8e17fcc9dacf2469f02b2675ac2b5f) Importer(815301076,1909f56bfc062723c751e8b465ee728b)
Start importing Assets/Scripts/PrintGlobalPosition.cs using Guid(5a8e17fcc9dacf2469f02b2675ac2b5f) Importer(815301076,1909f56bfc062723c751e8b465ee728b)  -> (artifact id: '00000000000000000000000000000000') in 0.000537 seconds
Import Error Code:(4)
Message: Build asset version error: assets/scripts/printglobalposition.cs in SourceAssetDB has modification time of '2025-12-03T19:24:12.3178635Z' while content on disk has modification time of '2025-12-03T19:24:24.7388637Z'
  ERROR: Build asset version error: assets/scripts/printglobalposition.cs in SourceAssetDB has modification time of '2025-12-03T19:24:12.3178635Z' while content on disk has modification time of '2025-12-03T19:24:24.7388637Z'
Number of updated asset objects reloaded before import = 0
Number of asset objects unloaded after import = 0
========================================================================
Received Import Request.
  Time since last request: 0.012959 seconds.
  path: Assets/Scripts/PrintGlobalPosition.cs
  artifactKey: Guid(5a8e17fcc9dacf2469f02b2675ac2b5f) Importer(815301076,1909f56bfc062723c751e8b465ee728b)
Start importing Assets/Scripts/PrintGlobalPosition.cs using Guid(5a8e17fcc9dacf2469f02b2675ac2b5f) Importer(815301076,1909f56bfc062723c751e8b465ee728b)  -> (artifact id: '00000000000000000000000000000000') in 0.000556 seconds
Import Error Code:(4)
Message: Build asset version error: assets/scripts/printglobalposition.cs in SourceAssetDB has modification time of '2025-12-03T19:24:12.3178635Z' while content on disk has modification time of '2025-12-03T19:24:24.7388637Z'
  ERROR: Build asset version error: assets/scripts/printglobalposition.cs in SourceAssetDB has modification time of '2025-12-03T19:24:12.3178635Z' while content on disk has modification time of '2025-12-03T19:24:24.7388637Z'
Number of updated asset objects reloaded before import = 0
Number of asset objects unloaded after import = 0
========================================================================
Received Import Request.
  Time since last request: 0.013352 seconds.
  path: Assets/Scripts/PrintGlobalPosition.cs
  artifactKey: Guid(5a8e17fcc9dacf2469f02b2675ac2b5f) Importer(815301076,1909f56bfc062723c751e8b465ee728b)
Start importing Assets/Scripts/PrintGlobalPosition.cs using Guid(5a8e17fcc9dacf2469f02b2675ac2b5f) Importer(815301076,1909f56bfc062723c751e8b465ee728b)  -> (artifact id: '00000000000000000000000000000000') in 0.001154 seconds
Import Error Code:(4)
Message: Build asset version error: assets/scripts/printglobalposition.cs in SourceAssetDB has modification time of '2025-12-03T19:24:12.3178635Z' while content on disk has modification time of '2025-12-03T19:24:24.7388637Z'
  ERROR: Build asset version error: assets/scripts/printglobalposition.cs in SourceAssetDB has modification time of '2025-12-03T19:24:12.3178635Z' while content on disk has modification time of '2025-12-03T19:24:24.7388637Z'
Number of updated asset objects reloaded before import = 0
Number of asset objects unloaded after import = 0
========================================================================
Received Import Request.
  Time since last request: 0.000858 seconds.
  path: Assets/Scripts/PrintGlobalPosition.cs
  artifactKey: Guid(5a8e17fcc9dacf2469f02b2675ac2b5f) Importer(815301076,1909f56bfc062723c751e8b465ee728b)
Start importing Assets/Scripts/PrintGlobalPosition.cs using Guid(5a8e17fcc9dacf2469f02b2675ac2b5f) Importer(815301076,1909f56bfc062723c751e8b465ee728b)  -> (artifact id: '00000000000000000000000000000000') in 0.001062 seconds
Import Error Code:(4)
Message: Build asset version error: assets/scripts/printglobalposition.cs in SourceAssetDB has modification time of '2025-12-03T19:24:12.3178635Z' while content on disk has modification time of '2025-12-03T19:24:24.7388637Z'
  ERROR: Build asset version error: assets/scripts/printglobalposition.cs in SourceAssetDB has modification time of '2025-12-03T19:24:12.3178635Z' while content on disk has modification time of '2025-12-03T19:24:24.7388637Z'
Number of updated asset objects reloaded before import = 0
Number of asset objects unloaded after import = 0
========================================================================
Received Import Request.
  Time since last request: 0.009771 seconds.
  path: Assets/Scripts/PrintGlobalPosition.cs
  artifactKey: Guid(5a8e17fcc9dacf2469f02b2675ac2b5f) Importer(815301076,1909f56bfc062723c751e8b465ee728b)
Start importing Assets/Scripts/PrintGlobalPosition.cs using Guid(5a8e17fcc9dacf2469f02b2675ac2b5f) Importer(815301076,1909f56bfc062723c751e8b465ee728b)  -> (artifact id: '00000000000000000000000000000000') in 0.001132 seconds
Import Error Code:(4)
Message: Build asset version error: assets/scripts/printglobalposition.cs in SourceAssetDB has modification time of '2025-12-03T19:24:12.3178635Z' while content on disk has modification time of '2025-12-03T19:24:24.7388637Z'
  ERROR: Build asset version error: assets/scripts/printglobalposition.cs in SourceAssetDB has modification time of '2025-12-03T19:24:12.3178635Z' while content on disk has modification time of '2025-12-03T19:24:24.7388637Z'
Number of updated asset objects reloaded before import = 0
Number of asset objects unloaded after import = 0
========================================================================
Received Import Request.
  Time since last request: 0.011494 seconds.
  path: Assets/Scripts/PrintGlobalPosition.cs
  artifactKey: Guid(5a8e17fcc9dacf2469f02b2675ac2b5f) Importer(815301076,1909f56bfc062723c751e8b465ee728b)
Start importing Assets/Scripts/PrintGlobalPosition.cs using Guid(5a8e17fcc9dacf2469f02b2675ac2b5f) Importer(815301076,1909f56bfc062723c751e8b465ee728b)  -> (artifact id: '00000000000000000000000000000000') in 0.000555 seconds
Import Error Code:(4)
Message: Build asset version error: assets/scripts/printglobalposition.cs in SourceAssetDB has modification time of '2025-12-03T19:24:12.3178635Z' while content on disk has modification time of '2025-12-03T19:24:24.7388637Z'
  ERROR: Build asset version error: assets/scripts/printglobalposition.cs in SourceAssetDB has modification time of '2025-12-03T19:24:12.3178635Z' while content on disk has modification time of '2025-12-03T19:24:24.7388637Z'
Number of updated asset objects reloaded before import = 0
Number of asset objects unloaded after import = 0
========================================================================
Received Import Request.
  Time since last request: 0.012551 seconds.
  path: Assets/Scripts/PrintGlobalPosition.cs
  artifactKey: Guid(5a8e17fcc9dacf2469f02b2675ac2b5f) Importer(815301076,1909f56bfc062723c751e8b465ee728b)
Start importing Assets/Scripts/PrintGlobalPosition.cs using Guid(5a8e17fcc9dacf2469f02b2675ac2b5f) Importer(815301076,1909f56bfc062723c751e8b465ee728b)  -> (artifact id: '00000000000000000000000000000000') in 0.000772 seconds
Import Error Code:(4)
Message: Build asset version error: assets/scripts/printglobalposition.cs in SourceAssetDB has modification time of '2025-12-03T19:24:12.3178635Z' while content on disk has modification time of '2025-12-03T19:24:24.7388637Z'
  ERROR: Build asset version error: assets/scripts/printglobalposition.cs in SourceAssetDB has modification time of '2025-12-03T19:24:12.3178635Z' while content on disk has modification time of '2025-12-03T19:24:24.7388637Z'
Number of updated asset objects reloaded before import = 0
Number of asset objects unloaded after import = 0
========================================================================
Received Import Request.
  Time since last request: 0.012667 seconds.
  path: Assets/Scripts/PrintGlobalPosition.cs
  artifactKey: Guid(5a8e17fcc9dacf2469f02b2675ac2b5f) Importer(815301076,1909f56bfc062723c751e8b465ee728b)
Start importing Assets/Scripts/PrintGlobalPosition.cs using Guid(5a8e17fcc9dacf2469f02b2675ac2b5f) Importer(815301076,1909f56bfc062723c751e8b465ee728b)  -> (artifact id: '00000000000000000000000000000000') in 0.000993 seconds
Import Error Code:(4)
Message: Build asset version error: assets/scripts/printglobalposition.cs in SourceAssetDB has modification time of '2025-12-03T19:24:12.3178635Z' while content on disk has modification time of '2025-12-03T19:24:24.7388637Z'
  ERROR: Build asset version error: assets/scripts/printglobalposition.cs in SourceAssetDB has modification time of '2025-12-03T19:24:12.3178635Z' while content on disk has modification time of '2025-12-03T19:24:24.7388637Z'
Number of updated asset objects reloaded before import = 0
Number of asset objects unloaded after import = 0
========================================================================
Received Import Request.
  Time since last request: 0.012851 seconds.
  path: Assets/Scripts/PrintGlobalPosition.cs
  artifactKey: Guid(5a8e17fcc9dacf2469f02b2675ac2b5f) Importer(815301076,1909f56bfc062723c751e8b465ee728b)
Start importing Assets/Scripts/PrintGlobalPosition.cs using Guid(5a8e17fcc9dacf2469f02b2675ac2b5f) Importer(815301076,1909f56bfc062723c751e8b465ee728b)  -> (artifact id: '00000000000000000000000000000000') in 0.000554 seconds
Import Error Code:(4)
Message: Build asset version error: assets/scripts/printglobalposition.cs in SourceAssetDB has modification time of '2025-12-03T19:24:12.3178635Z' while content on disk has modification time of '2025-12-03T19:24:24.7388637Z'
  ERROR: Build asset version error: assets/scripts/printglobalposition.cs in SourceAssetDB has modification time of '2025-12-03T19:24:12.3178635Z' while content on disk has modification time of '2025-12-03T19:24:24.7388637Z'
Number of updated asset objects reloaded before import = 0
Number of asset objects unloaded after import = 0
========================================================================
Received Import Request.
  Time since last request: 0.013375 seconds.
  path: Assets/Scripts/PrintGlobalPosition.cs
  artifactKey: Guid(5a8e17fcc9dacf2469f02b2675ac2b5f) Importer(815301076,1909f56bfc062723c751e8b465ee728b)
Start importing Assets/Scripts/PrintGlobalPosition.cs using Guid(5a8e17fcc9dacf2469f02b2675ac2b5f) Importer(815301076,1909f56bfc062723c751e8b465ee728b)  -> (artifact id: '00000000000000000000000000000000') in 0.001184 seconds
Import Error Code:(4)
Message: Build asset version error: assets/scripts/printglobalposition.cs in SourceAssetDB has modification time of '2025-12-03T19:24:12.3178635Z' while content on disk has modification time of '2025-12-03T19:24:24.7388637Z'
  ERROR: Build asset version error: assets/scripts/printglobalposition.cs in SourceAssetDB has modification time of '2025-12-03T19:24:12.3178635Z' while content on disk has modification time of '2025-12-03T19:24:24.7388637Z'
Number of updated asset objects reloaded before import = 0
Number of asset objects unloaded after import = 0
========================================================================
Received Import Request.
  Time since last request: 0.000750 seconds.
  path: Assets/Scripts/PrintGlobalPosition.cs
  artifactKey: Guid(5a8e17fcc9dacf2469f02b2675ac2b5f) Importer(815301076,1909f56bfc062723c751e8b465ee728b)
Start importing Assets/Scripts/PrintGlobalPosition.cs using Guid(5a8e17fcc9dacf2469f02b2675ac2b5f) Importer(815301076,1909f56bfc062723c751e8b465ee728b)  -> (artifact id: '00000000000000000000000000000000') in 0.000603 seconds
Import Error Code:(4)
Message: Build asset version error: assets/scripts/printglobalposition.cs in SourceAssetDB has modification time of '2025-12-03T19:24:12.3178635Z' while content on disk has modification time of '2025-12-03T19:24:24.7388637Z'
  ERROR: Build asset version error: assets/scripts/printglobalposition.cs in SourceAssetDB has modification time of '2025-12-03T19:24:12.3178635Z' while content on disk has modification time of '2025-12-03T19:24:24.7388637Z'
Number of updated asset objects reloaded before import = 0
Number of asset objects unloaded after import = 0
========================================================================
Received Import Request.
  Time since last request: 0.012021 seconds.
  path: Assets/Scripts/PrintGlobalPosition.cs
  artifactKey: Guid(5a8e17fcc9dacf2469f02b2675ac2b5f) Importer(815301076,1909f56bfc062723c751e8b465ee728b)
Start importing Assets/Scripts/PrintGlobalPosition.cs using Guid(5a8e17fcc9dacf2469f02b2675ac2b5f) Importer(815301076,1909f56bfc062723c751e8b465ee728b)  -> (artifact id: '00000000000000000000000000000000') in 0.001142 seconds
Import Error Code:(4)
Message: Build asset version error: assets/scripts/printglobalposition.cs in SourceAssetDB has modification time of '2025-12-03T19:24:12.3178635Z' while content on disk has modification time of '2025-12-03T19:24:24.7388637Z'
  ERROR: Build asset version error: assets/scripts/printglobalposition.cs in SourceAssetDB has modification time of '2025-12-03T19:24:12.3178635Z' while content on disk has modification time of '2025-12-03T19:24:24.7388637Z'
Number of updated asset objects reloaded before import = 0
Number of asset objects unloaded after import = 0
========================================================================
Received Import Request.
  Time since last request: 0.009851 seconds.
  path: Assets/Scripts/PrintGlobalPosition.cs
  artifactKey: Guid(5a8e17fcc9dacf2469f02b2675ac2b5f) Importer(815301076,1909f56bfc062723c751e8b465ee728b)
Start importing Assets/Scripts/PrintGlobalPosition.cs using Guid(5a8e17fcc9dacf2469f02b2675ac2b5f) Importer(815301076,1909f56bfc062723c751e8b465ee728b)  -> (artifact id: '00000000000000000000000000000000') in 0.000854 seconds
Import Error Code:(4)
Message: Build asset version error: assets/scripts/printglobalposition.cs in SourceAssetDB has modification time of '2025-12-03T19:24:12.3178635Z' while content on disk has modification time of '2025-12-03T19:24:24.7388637Z'
  ERROR: Build asset version error: assets/scripts/printglobalposition.cs in SourceAssetDB has modification time of '2025-12-03T19:24:12.3178635Z' while content on disk has modification time of '2025-12-03T19:24:24.7388637Z'
Number of updated asset objects reloaded before import = 0
Number of asset objects unloaded after import = 0
========================================================================
Received Import Request.
  Time since last request: 0.014037 seconds.
  path: Assets/Scripts/PrintGlobalPosition.cs
  artifactKey: Guid(5a8e17fcc9dacf2469f02b2675ac2b5f) Importer(815301076,1909f56bfc062723c751e8b465ee728b)
Start importing Assets/Scripts/PrintGlobalPosition.cs using Guid(5a8e17fcc9dacf2469f02b2675ac2b5f) Importer(815301076,1909f56bfc062723c751e8b465ee728b)  -> (artifact id: '00000000000000000000000000000000') in 0.000800 seconds
Import Error Code:(4)
Message: Build asset version error: assets/scripts/printglobalposition.cs in SourceAssetDB has modification time of '2025-12-03T19:24:12.3178635Z' while content on disk has modification time of '2025-12-03T19:24:24.7388637Z'
  ERROR: Build asset version error: assets/scripts/printglobalposition.cs in SourceAssetDB has modification time of '2025-12-03T19:24:12.3178635Z' while content on disk has modification time of '2025-12-03T19:24:24.7388637Z'
Number of updated asset objects reloaded before import = 0
Number of asset objects unloaded after import = 0
========================================================================
Received Import Request.
  Time since last request: 0.019647 seconds.
  path: Assets/Scripts/PrintGlobalPosition.cs
  artifactKey: Guid(5a8e17fcc9dacf2469f02b2675ac2b5f) Importer(815301076,1909f56bfc062723c751e8b465ee728b)
Start importing Assets/Scripts/PrintGlobalPosition.cs using Guid(5a8e17fcc9dacf2469f02b2675ac2b5f) Importer(815301076,1909f56bfc062723c751e8b465ee728b)  -> (artifact id: '00000000000000000000000000000000') in 0.000808 seconds
Import Error Code:(4)
Message: Build asset version error: assets/scripts/printglobalposition.cs in SourceAssetDB has modification time of '2025-12-03T19:24:12.3178635Z' while content on disk has modification time of '2025-12-03T19:24:24.7388637Z'
  ERROR: Build asset version error: assets/scripts/printglobalposition.cs in SourceAssetDB has modification time of '2025-12-03T19:24:12.3178635Z' while content on disk has modification time of '2025-12-03T19:24:24.7388637Z'
Number of updated asset objects reloaded before import = 0
Number of asset objects unloaded after import = 0
========================================================================
Received Import Request.
  Time since last request: 0.013995 seconds.
  path: Assets/Scripts/PrintGlobalPosition.cs
  artifactKey: Guid(5a8e17fcc9dacf2469f02b2675ac2b5f) Importer(815301076,1909f56bfc062723c751e8b465ee728b)
Start importing Assets/Scripts/PrintGlobalPosition.cs using Guid(5a8e17fcc9dacf2469f02b2675ac2b5f) Importer(815301076,1909f56bfc062723c751e8b465ee728b)  -> (artifact id: '00000000000000000000000000000000') in 0.000551 seconds
Import Error Code:(4)
Message: Build asset version error: assets/scripts/printglobalposition.cs in SourceAssetDB has modification time of '2025-12-03T19:24:12.3178635Z' while content on disk has modification time of '2025-12-03T19:24:24.7388637Z'
  ERROR: Build asset version error: assets/scripts/printglobalposition.cs in SourceAssetDB has modification time of '2025-12-03T19:24:12.3178635Z' while content on disk has modification time of '2025-12-03T19:24:24.7388637Z'
Number of updated asset objects reloaded before import = 0
Number of asset objects unloaded after import = 0
========================================================================
Received Import Request.
  Time since last request: 0.014422 seconds.
  path: Assets/Scripts/PrintGlobalPosition.cs
  artifactKey: Guid(5a8e17fcc9dacf2469f02b2675ac2b5f) Importer(815301076,1909f56bfc062723c751e8b465ee728b)
Start importing Assets/Scripts/PrintGlobalPosition.cs using Guid(5a8e17fcc9dacf2469f02b2675ac2b5f) Importer(815301076,1909f56bfc062723c751e8b465ee728b)  -> (artifact id: '00000000000000000000000000000000') in 0.000752 seconds
Import Error Code:(4)
Message: Build asset version error: assets/scripts/printglobalposition.cs in SourceAssetDB has modification time of '2025-12-03T19:24:12.3178635Z' while content on disk has modification time of '2025-12-03T19:24:24.7388637Z'
  ERROR: Build asset version error: assets/scripts/printglobalposition.cs in SourceAssetDB has modification time of '2025-12-03T19:24:12.3178635Z' while content on disk has modification time of '2025-12-03T19:24:24.7388637Z'
Number of updated asset objects reloaded before import = 0
Number of asset objects unloaded after import = 0
========================================================================
Received Import Request.
  Time since last request: 0.015274 seconds.
  path: Assets/Scripts/PrintGlobalPosition.cs
  artifactKey: Guid(5a8e17fcc9dacf2469f02b2675ac2b5f) Importer(815301076,1909f56bfc062723c751e8b465ee728b)
Start importing Assets/Scripts/PrintGlobalPosition.cs using Guid(5a8e17fcc9dacf2469f02b2675ac2b5f) Importer(815301076,1909f56bfc062723c751e8b465ee728b)  -> (artifact id: '00000000000000000000000000000000') in 0.000795 seconds
Import Error Code:(4)
Message: Build asset version error: assets/scripts/printglobalposition.cs in SourceAssetDB has modification time of '2025-12-03T19:24:12.3178635Z' while content on disk has modification time of '2025-12-03T19:24:24.7388637Z'
  ERROR: Build asset version error: assets/scripts/printglobalposition.cs in SourceAssetDB has modification time of '2025-12-03T19:24:12.3178635Z' while content on disk has modification time of '2025-12-03T19:24:24.7388637Z'
Number of updated asset objects reloaded before import = 0
Number of asset objects unloaded after import = 0
========================================================================
Received Import Request.
  Time since last request: 0.018219 seconds.
  path: Assets/Scripts/PrintGlobalPosition.cs
  artifactKey: Guid(5a8e17fcc9dacf2469f02b2675ac2b5f) Importer(815301076,1909f56bfc062723c751e8b465ee728b)
Start importing Assets/Scripts/PrintGlobalPosition.cs using Guid(5a8e17fcc9dacf2469f02b2675ac2b5f) Importer(815301076,1909f56bfc062723c751e8b465ee728b)  -> (artifact id: '00000000000000000000000000000000') in 0.000706 seconds
Import Error Code:(4)
Message: Build asset version error: assets/scripts/printglobalposition.cs in SourceAssetDB has modification time of '2025-12-03T19:24:12.3178635Z' while content on disk has modification time of '2025-12-03T19:24:24.7388637Z'
  ERROR: Build asset version error: assets/scripts/printglobalposition.cs in SourceAssetDB has modification time of '2025-12-03T19:24:12.3178635Z' while content on disk has modification time of '2025-12-03T19:24:24.7388637Z'
Number of updated asset objects reloaded before import = 0
Number of asset objects unloaded after import = 0
========================================================================
Received Import Request.
  Time since last request: 0.014610 seconds.
  path: Assets/Scripts/PrintGlobalPosition.cs
  artifactKey: Guid(5a8e17fcc9dacf2469f02b2675ac2b5f) Importer(815301076,1909f56bfc062723c751e8b465ee728b)
Start importing Assets/Scripts/PrintGlobalPosition.cs using Guid(5a8e17fcc9dacf2469f02b2675ac2b5f) Importer(815301076,1909f56bfc062723c751e8b465ee728b)  -> (artifact id: '00000000000000000000000000000000') in 0.000915 seconds
Import Error Code:(4)
Message: Build asset version error: assets/scripts/printglobalposition.cs in SourceAssetDB has modification time of '2025-12-03T19:24:12.3178635Z' while content on disk has modification time of '2025-12-03T19:24:24.7388637Z'
  ERROR: Build asset version error: assets/scripts/printglobalposition.cs in SourceAssetDB has modification time of '2025-12-03T19:24:12.3178635Z' while content on disk has modification time of '2025-12-03T19:24:24.7388637Z'
Number of updated asset objects reloaded before import = 0
Number of asset objects unloaded after import = 0
========================================================================
Received Import Request.
  Time since last request: 0.012847 seconds.
  path: Assets/Scripts/PrintGlobalPosition.cs
  artifactKey: Guid(5a8e17fcc9dacf2469f02b2675ac2b5f) Importer(815301076,1909f56bfc062723c751e8b465ee728b)
Start importing Assets/Scripts/PrintGlobalPosition.cs using Guid(5a8e17fcc9dacf2469f02b2675ac2b5f) Importer(815301076,1909f56bfc062723c751e8b465ee728b)  -> (artifact id: '00000000000000000000000000000000') in 0.000576 seconds
Import Error Code:(4)
Message: Build asset version error: assets/scripts/printglobalposition.cs in SourceAssetDB has modification time of '2025-12-03T19:24:12.3178635Z' while content on disk has modification time of '2025-12-03T19:24:24.7388637Z'
  ERROR: Build asset version error: assets/scripts/printglobalposition.cs in SourceAssetDB has modification time of '2025-12-03T19:24:12.3178635Z' while content on disk has modification time of '2025-12-03T19:24:24.7388637Z'
Number of updated asset objects reloaded before import = 0
Number of asset objects unloaded after import = 0
========================================================================
Received Import Request.
  Time since last request: 0.016357 seconds.
  path: Assets/Scripts/PrintGlobalPosition.cs
  artifactKey: Guid(5a8e17fcc9dacf2469f02b2675ac2b5f) Importer(815301076,1909f56bfc062723c751e8b465ee728b)
Start importing Assets/Scripts/PrintGlobalPosition.cs using Guid(5a8e17fcc9dacf2469f02b2675ac2b5f) Importer(815301076,1909f56bfc062723c751e8b465ee728b)  -> (artifact id: '00000000000000000000000000000000') in 0.000659 seconds
Import Error Code:(4)
Message: Build asset version error: assets/scripts/printglobalposition.cs in SourceAssetDB has modification time of '2025-12-03T19:24:12.3178635Z' while content on disk has modification time of '2025-12-03T19:24:24.7388637Z'
  ERROR: Build asset version error: assets/scripts/printglobalposition.cs in SourceAssetDB has modification time of '2025-12-03T19:24:12.3178635Z' while content on disk has modification time of '2025-12-03T19:24:24.7388637Z'
Number of updated asset objects reloaded before import = 0
Number of asset objects unloaded after import = 0
========================================================================
Received Import Request.
  Time since last request: 0.014254 seconds.
  path: Assets/Scripts/PrintGlobalPosition.cs
  artifactKey: Guid(5a8e17fcc9dacf2469f02b2675ac2b5f) Importer(815301076,1909f56bfc062723c751e8b465ee728b)
Start importing Assets/Scripts/PrintGlobalPosition.cs using Guid(5a8e17fcc9dacf2469f02b2675ac2b5f) Importer(815301076,1909f56bfc062723c751e8b465ee728b)  -> (artifact id: '00000000000000000000000000000000') in 0.000578 seconds
Import Error Code:(4)
Message: Build asset version error: assets/scripts/printglobalposition.cs in SourceAssetDB has modification time of '2025-12-03T19:24:12.3178635Z' while content on disk has modification time of '2025-12-03T19:24:24.7388637Z'
  ERROR: Build asset version error: assets/scripts/printglobalposition.cs in SourceAssetDB has modification time of '2025-12-03T19:24:12.3178635Z' while content on disk has modification time of '2025-12-03T19:24:24.7388637Z'
Number of updated asset objects reloaded before import = 0
Number of asset objects unloaded after import = 0
========================================================================
Received Import Request.
  Time since last request: 0.013319 seconds.
  path: Assets/Scripts/PrintGlobalPosition.cs
  artifactKey: Guid(5a8e17fcc9dacf2469f02b2675ac2b5f) Importer(815301076,1909f56bfc062723c751e8b465ee728b)
Start importing Assets/Scripts/PrintGlobalPosition.cs using Guid(5a8e17fcc9dacf2469f02b2675ac2b5f) Importer(815301076,1909f56bfc062723c751e8b465ee728b)  -> (artifact id: '00000000000000000000000000000000') in 0.000553 seconds
Import Error Code:(4)
Message: Build asset version error: assets/scripts/printglobalposition.cs in SourceAssetDB has modification time of '2025-12-03T19:24:12.3178635Z' while content on disk has modification time of '2025-12-03T19:24:24.7388637Z'
  ERROR: Build asset version error: assets/scripts/printglobalposition.cs in SourceAssetDB has modification time of '2025-12-03T19:24:12.3178635Z' while content on disk has modification time of '2025-12-03T19:24:24.7388637Z'
Number of updated asset objects reloaded before import = 0
Number of asset objects unloaded after import = 0
========================================================================
Received Import Request.
  Time since last request: 0.013410 seconds.
  path: Assets/Scripts/PrintGlobalPosition.cs
  artifactKey: Guid(5a8e17fcc9dacf2469f02b2675ac2b5f) Importer(815301076,1909f56bfc062723c751e8b465ee728b)
Start importing Assets/Scripts/PrintGlobalPosition.cs using Guid(5a8e17fcc9dacf2469f02b2675ac2b5f) Importer(815301076,1909f56bfc062723c751e8b465ee728b)  -> (artifact id: '00000000000000000000000000000000') in 0.000569 seconds
Import Error Code:(4)
Message: Build asset version error: assets/scripts/printglobalposition.cs in SourceAssetDB has modification time of '2025-12-03T19:24:12.3178635Z' while content on disk has modification time of '2025-12-03T19:24:24.7388637Z'
  ERROR: Build asset version error: assets/scripts/printglobalposition.cs in SourceAssetDB has modification time of '2025-12-03T19:24:12.3178635Z' while content on disk has modification time of '2025-12-03T19:24:24.7388637Z'
Number of updated asset objects reloaded before import = 0
Number of asset objects unloaded after import = 0
========================================================================
Received Import Request.
  Time since last request: 0.016854 seconds.
  path: Assets/Scripts/PrintGlobalPosition.cs
  artifactKey: Guid(5a8e17fcc9dacf2469f02b2675ac2b5f) Importer(815301076,1909f56bfc062723c751e8b465ee728b)
Start importing Assets/Scripts/PrintGlobalPosition.cs using Guid(5a8e17fcc9dacf2469f02b2675ac2b5f) Importer(815301076,1909f56bfc062723c751e8b465ee728b)  -> (artifact id: '00000000000000000000000000000000') in 0.000790 seconds
Import Error Code:(4)
Message: Build asset version error: assets/scripts/printglobalposition.cs in SourceAssetDB has modification time of '2025-12-03T19:24:12.3178635Z' while content on disk has modification time of '2025-12-03T19:24:24.7388637Z'
  ERROR: Build asset version error: assets/scripts/printglobalposition.cs in SourceAssetDB has modification time of '2025-12-03T19:24:12.3178635Z' while content on disk has modification time of '2025-12-03T19:24:24.7388637Z'
Number of updated asset objects reloaded before import = 0
Number of asset objects unloaded after import = 0
========================================================================
Received Import Request.
  Time since last request: 0.012068 seconds.
  path: Assets/Scripts/PrintGlobalPosition.cs
  artifactKey: Guid(5a8e17fcc9dacf2469f02b2675ac2b5f) Importer(815301076,1909f56bfc062723c751e8b465ee728b)
Start importing Assets/Scripts/PrintGlobalPosition.cs using Guid(5a8e17fcc9dacf2469f02b2675ac2b5f) Importer(815301076,1909f56bfc062723c751e8b465ee728b)  -> (artifact id: '00000000000000000000000000000000') in 0.000682 seconds
Import Error Code:(4)
Message: Build asset version error: assets/scripts/printglobalposition.cs in SourceAssetDB has modification time of '2025-12-03T19:24:12.3178635Z' while content on disk has modification time of '2025-12-03T19:24:24.7388637Z'
  ERROR: Build asset version error: assets/scripts/printglobalposition.cs in SourceAssetDB has modification time of '2025-12-03T19:24:12.3178635Z' while content on disk has modification time of '2025-12-03T19:24:24.7388637Z'
Number of updated asset objects reloaded before import = 0
Number of asset objects unloaded after import = 0
========================================================================
Received Import Request.
  Time since last request: 0.013025 seconds.
  path: Assets/Scripts/PrintGlobalPosition.cs
  artifactKey: Guid(5a8e17fcc9dacf2469f02b2675ac2b5f) Importer(815301076,1909f56bfc062723c751e8b465ee728b)
Start importing Assets/Scripts/PrintGlobalPosition.cs using Guid(5a8e17fcc9dacf2469f02b2675ac2b5f) Importer(815301076,1909f56bfc062723c751e8b465ee728b)  -> (artifact id: '00000000000000000000000000000000') in 0.000609 seconds
Import Error Code:(4)
Message: Build asset version error: assets/scripts/printglobalposition.cs in SourceAssetDB has modification time of '2025-12-03T19:24:12.3178635Z' while content on disk has modification time of '2025-12-03T19:24:24.7388637Z'
  ERROR: Build asset version error: assets/scripts/printglobalposition.cs in SourceAssetDB has modification time of '2025-12-03T19:24:12.3178635Z' while content on disk has modification time of '2025-12-03T19:24:24.7388637Z'
Number of updated asset objects reloaded before import = 0
Number of asset objects unloaded after import = 0
========================================================================
Received Import Request.
  Time since last request: 0.012937 seconds.
  path: Assets/Scripts/PrintGlobalPosition.cs
  artifactKey: Guid(5a8e17fcc9dacf2469f02b2675ac2b5f) Importer(815301076,1909f56bfc062723c751e8b465ee728b)
Start importing Assets/Scripts/PrintGlobalPosition.cs using Guid(5a8e17fcc9dacf2469f02b2675ac2b5f) Importer(815301076,1909f56bfc062723c751e8b465ee728b)  -> (artifact id: '00000000000000000000000000000000') in 0.000919 seconds
Import Error Code:(4)
Message: Build asset version error: assets/scripts/printglobalposition.cs in SourceAssetDB has modification time of '2025-12-03T19:24:12.3178635Z' while content on disk has modification time of '2025-12-03T19:24:24.7388637Z'
  ERROR: Build asset version error: assets/scripts/printglobalposition.cs in SourceAssetDB has modification time of '2025-12-03T19:24:12.3178635Z' while content on disk has modification time of '2025-12-03T19:24:24.7388637Z'
Number of updated asset objects reloaded before import = 0
Number of asset objects unloaded after import = 0
========================================================================
Received Import Request.
  Time since last request: 0.013192 seconds.
  path: Assets/Scripts/PrintGlobalPosition.cs
  artifactKey: Guid(5a8e17fcc9dacf2469f02b2675ac2b5f) Importer(815301076,1909f56bfc062723c751e8b465ee728b)
Start importing Assets/Scripts/PrintGlobalPosition.cs using Guid(5a8e17fcc9dacf2469f02b2675ac2b5f) Importer(815301076,1909f56bfc062723c751e8b465ee728b)  -> (artifact id: '00000000000000000000000000000000') in 0.000814 seconds
Import Error Code:(4)
Message: Build asset version error: assets/scripts/printglobalposition.cs in SourceAssetDB has modification time of '2025-12-03T19:24:12.3178635Z' while content on disk has modification time of '2025-12-03T19:24:24.7388637Z'
  ERROR: Build asset version error: assets/scripts/printglobalposition.cs in SourceAssetDB has modification time of '2025-12-03T19:24:12.3178635Z' while content on disk has modification time of '2025-12-03T19:24:24.7388637Z'
Number of updated asset objects reloaded before import = 0
Number of asset objects unloaded after import = 0
========================================================================
Received Import Request.
  Time since last request: 0.013164 seconds.
  path: Assets/Scripts/PrintGlobalPosition.cs
  artifactKey: Guid(5a8e17fcc9dacf2469f02b2675ac2b5f) Importer(815301076,1909f56bfc062723c751e8b465ee728b)
Start importing Assets/Scripts/PrintGlobalPosition.cs using Guid(5a8e17fcc9dacf2469f02b2675ac2b5f) Importer(815301076,1909f56bfc062723c751e8b465ee728b)  -> (artifact id: '00000000000000000000000000000000') in 0.000687 seconds
Import Error Code:(4)
Message: Build asset version error: assets/scripts/printglobalposition.cs in SourceAssetDB has modification time of '2025-12-03T19:24:12.3178635Z' while content on disk has modification time of '2025-12-03T19:24:24.7388637Z'
  ERROR: Build asset version error: assets/scripts/printglobalposition.cs in SourceAssetDB has modification time of '2025-12-03T19:24:12.3178635Z' while content on disk has modification time of '2025-12-03T19:24:24.7388637Z'
Number of updated asset objects reloaded before import = 0
Number of asset objects unloaded after import = 0
========================================================================
Received Import Request.
  Time since last request: 0.013386 seconds.
  path: Assets/Scripts/PrintGlobalPosition.cs
  artifactKey: Guid(5a8e17fcc9dacf2469f02b2675ac2b5f) Importer(815301076,1909f56bfc062723c751e8b465ee728b)
Start importing Assets/Scripts/PrintGlobalPosition.cs using Guid(5a8e17fcc9dacf2469f02b2675ac2b5f) Importer(815301076,1909f56bfc062723c751e8b465ee728b)  -> (artifact id: '00000000000000000000000000000000') in 0.000719 seconds
Import Error Code:(4)
Message: Build asset version error: assets/scripts/printglobalposition.cs in SourceAssetDB has modification time of '2025-12-03T19:24:12.3178635Z' while content on disk has modification time of '2025-12-03T19:24:24.7388637Z'
  ERROR: Build asset version error: assets/scripts/printglobalposition.cs in SourceAssetDB has modification time of '2025-12-03T19:24:12.3178635Z' while content on disk has modification time of '2025-12-03T19:24:24.7388637Z'
Number of updated asset objects reloaded before import = 0
Number of asset objects unloaded after import = 0
========================================================================
Received Import Request.
  Time since last request: 0.012293 seconds.
  path: Assets/Scripts/PrintGlobalPosition.cs
  artifactKey: Guid(5a8e17fcc9dacf2469f02b2675ac2b5f) Importer(815301076,1909f56bfc062723c751e8b465ee728b)
Start importing Assets/Scripts/PrintGlobalPosition.cs using Guid(5a8e17fcc9dacf2469f02b2675ac2b5f) Importer(815301076,1909f56bfc062723c751e8b465ee728b)  -> (artifact id: '00000000000000000000000000000000') in 0.000636 seconds
Import Error Code:(4)
Message: Build asset version error: assets/scripts/printglobalposition.cs in SourceAssetDB has modification time of '2025-12-03T19:24:12.3178635Z' while content on disk has modification time of '2025-12-03T19:24:24.7388637Z'
  ERROR: Build asset version error: assets/scripts/printglobalposition.cs in SourceAssetDB has modification time of '2025-12-03T19:24:12.3178635Z' while content on disk has modification time of '2025-12-03T19:24:24.7388637Z'
Number of updated asset objects reloaded before import = 0
Number of asset objects unloaded after import = 0
========================================================================
Received Import Request.
  Time since last request: 0.011824 seconds.
  path: Assets/Scripts/PrintGlobalPosition.cs
  artifactKey: Guid(5a8e17fcc9dacf2469f02b2675ac2b5f) Importer(815301076,1909f56bfc062723c751e8b465ee728b)
Start importing Assets/Scripts/PrintGlobalPosition.cs using Guid(5a8e17fcc9dacf2469f02b2675ac2b5f) Importer(815301076,1909f56bfc062723c751e8b465ee728b)  -> (artifact id: '00000000000000000000000000000000') in 0.000578 seconds
Import Error Code:(4)
Message: Build asset version error: assets/scripts/printglobalposition.cs in SourceAssetDB has modification time of '2025-12-03T19:24:12.3178635Z' while content on disk has modification time of '2025-12-03T19:24:24.7388637Z'
  ERROR: Build asset version error: assets/scripts/printglobalposition.cs in SourceAssetDB has modification time of '2025-12-03T19:24:12.3178635Z' while content on disk has modification time of '2025-12-03T19:24:24.7388637Z'
Number of updated asset objects reloaded before import = 0
Number of asset objects unloaded after import = 0
========================================================================
Received Import Request.
  Time since last request: 0.012622 seconds.
  path: Assets/Scripts/PrintGlobalPosition.cs
  artifactKey: Guid(5a8e17fcc9dacf2469f02b2675ac2b5f) Importer(815301076,1909f56bfc062723c751e8b465ee728b)
Start importing Assets/Scripts/PrintGlobalPosition.cs using Guid(5a8e17fcc9dacf2469f02b2675ac2b5f) Importer(815301076,1909f56bfc062723c751e8b465ee728b)  -> (artifact id: '00000000000000000000000000000000') in 0.000620 seconds
Import Error Code:(4)
Message: Build asset version error: assets/scripts/printglobalposition.cs in SourceAssetDB has modification time of '2025-12-03T19:24:12.3178635Z' while content on disk has modification time of '2025-12-03T19:24:24.7388637Z'
  ERROR: Build asset version error: assets/scripts/printglobalposition.cs in SourceAssetDB has modification time of '2025-12-03T19:24:12.3178635Z' while content on disk has modification time of '2025-12-03T19:24:24.7388637Z'
Number of updated asset objects reloaded before import = 0
Number of asset objects unloaded after import = 0
========================================================================
Received Import Request.
  Time since last request: 0.012468 seconds.
  path: Assets/Scripts/PrintGlobalPosition.cs
  artifactKey: Guid(5a8e17fcc9dacf2469f02b2675ac2b5f) Importer(815301076,1909f56bfc062723c751e8b465ee728b)
Start importing Assets/Scripts/PrintGlobalPosition.cs using Guid(5a8e17fcc9dacf2469f02b2675ac2b5f) Importer(815301076,1909f56bfc062723c751e8b465ee728b)  -> (artifact id: '00000000000000000000000000000000') in 0.000643 seconds
Import Error Code:(4)
Message: Build asset version error: assets/scripts/printglobalposition.cs in SourceAssetDB has modification time of '2025-12-03T19:24:12.3178635Z' while content on disk has modification time of '2025-12-03T19:24:24.7388637Z'
  ERROR: Build asset version error: assets/scripts/printglobalposition.cs in SourceAssetDB has modification time of '2025-12-03T19:24:12.3178635Z' while content on disk has modification time of '2025-12-03T19:24:24.7388637Z'
Number of updated asset objects reloaded before import = 0
Number of asset objects unloaded after import = 0
========================================================================
Received Import Request.
  Time since last request: 0.012492 seconds.
  path: Assets/Scripts/PrintGlobalPosition.cs
  artifactKey: Guid(5a8e17fcc9dacf2469f02b2675ac2b5f) Importer(815301076,1909f56bfc062723c751e8b465ee728b)
Start importing Assets/Scripts/PrintGlobalPosition.cs using Guid(5a8e17fcc9dacf2469f02b2675ac2b5f) Importer(815301076,1909f56bfc062723c751e8b465ee728b)  -> (artifact id: '00000000000000000000000000000000') in 0.000953 seconds
Import Error Code:(4)
Message: Build asset version error: assets/scripts/printglobalposition.cs in SourceAssetDB has modification time of '2025-12-03T19:24:12.3178635Z' while content on disk has modification time of '2025-12-03T19:24:24.7388637Z'
  ERROR: Build asset version error: assets/scripts/printglobalposition.cs in SourceAssetDB has modification time of '2025-12-03T19:24:12.3178635Z' while content on disk has modification time of '2025-12-03T19:24:24.7388637Z'
Number of updated asset objects reloaded before import = 0
Number of asset objects unloaded after import = 0
========================================================================
Received Import Request.
  Time since last request: 0.015648 seconds.
  path: Assets/Scripts/PrintGlobalPosition.cs
  artifactKey: Guid(5a8e17fcc9dacf2469f02b2675ac2b5f) Importer(815301076,1909f56bfc062723c751e8b465ee728b)
Start importing Assets/Scripts/PrintGlobalPosition.cs using Guid(5a8e17fcc9dacf2469f02b2675ac2b5f) Importer(815301076,1909f56bfc062723c751e8b465ee728b)  -> (artifact id: '00000000000000000000000000000000') in 0.000647 seconds
Import Error Code:(4)
Message: Build asset version error: assets/scripts/printglobalposition.cs in SourceAssetDB has modification time of '2025-12-03T19:24:12.3178635Z' while content on disk has modification time of '2025-12-03T19:24:24.7388637Z'
  ERROR: Build asset version error: assets/scripts/printglobalposition.cs in SourceAssetDB has modification time of '2025-12-03T19:24:12.3178635Z' while content on disk has modification time of '2025-12-03T19:24:24.7388637Z'
Number of updated asset objects reloaded before import = 0
Number of asset objects unloaded after import = 0
========================================================================
Received Import Request.
  Time since last request: 0.016809 seconds.
  path: Assets/Scripts/PrintGlobalPosition.cs
  artifactKey: Guid(5a8e17fcc9dacf2469f02b2675ac2b5f) Importer(815301076,1909f56bfc062723c751e8b465ee728b)
Start importing Assets/Scripts/PrintGlobalPosition.cs using Guid(5a8e17fcc9dacf2469f02b2675ac2b5f) Importer(815301076,1909f56bfc062723c751e8b465ee728b)  -> (artifact id: '00000000000000000000000000000000') in 0.000589 seconds
Import Error Code:(4)
Message: Build asset version error: assets/scripts/printglobalposition.cs in SourceAssetDB has modification time of '2025-12-03T19:24:12.3178635Z' while content on disk has modification time of '2025-12-03T19:24:24.7388637Z'
  ERROR: Build asset version error: assets/scripts/printglobalposition.cs in SourceAssetDB has modification time of '2025-12-03T19:24:12.3178635Z' while content on disk has modification time of '2025-12-03T19:24:24.7388637Z'
Number of updated asset objects reloaded before import = 0
Number of asset objects unloaded after import = 0
========================================================================
Received Import Request.
  Time since last request: 0.013545 seconds.
  path: Assets/Scripts/PrintGlobalPosition.cs
  artifactKey: Guid(5a8e17fcc9dacf2469f02b2675ac2b5f) Importer(815301076,1909f56bfc062723c751e8b465ee728b)
Start importing Assets/Scripts/PrintGlobalPosition.cs using Guid(5a8e17fcc9dacf2469f02b2675ac2b5f) Importer(815301076,1909f56bfc062723c751e8b465ee728b)  -> (artifact id: '00000000000000000000000000000000') in 0.000574 seconds
Import Error Code:(4)
Message: Build asset version error: assets/scripts/printglobalposition.cs in SourceAssetDB has modification time of '2025-12-03T19:24:12.3178635Z' while content on disk has modification time of '2025-12-03T19:24:24.7388637Z'
  ERROR: Build asset version error: assets/scripts/printglobalposition.cs in SourceAssetDB has modification time of '2025-12-03T19:24:12.3178635Z' while content on disk has modification time of '2025-12-03T19:24:24.7388637Z'
Number of updated asset objects reloaded before import = 0
Number of asset objects unloaded after import = 0
========================================================================
Received Import Request.
  Time since last request: 0.013402 seconds.
  path: Assets/Scripts/PrintGlobalPosition.cs
  artifactKey: Guid(5a8e17fcc9dacf2469f02b2675ac2b5f) Importer(815301076,1909f56bfc062723c751e8b465ee728b)
Start importing Assets/Scripts/PrintGlobalPosition.cs using Guid(5a8e17fcc9dacf2469f02b2675ac2b5f) Importer(815301076,1909f56bfc062723c751e8b465ee728b)  -> (artifact id: '00000000000000000000000000000000') in 0.000545 seconds
Import Error Code:(4)
Message: Build asset version error: assets/scripts/printglobalposition.cs in SourceAssetDB has modification time of '2025-12-03T19:24:12.3178635Z' while content on disk has modification time of '2025-12-03T19:24:24.7388637Z'
  ERROR: Build asset version error: assets/scripts/printglobalposition.cs in SourceAssetDB has modification time of '2025-12-03T19:24:12.3178635Z' while content on disk has modification time of '2025-12-03T19:24:24.7388637Z'
Number of updated asset objects reloaded before import = 0
Number of asset objects unloaded after import = 0
========================================================================
Received Import Request.
  Time since last request: 0.015519 seconds.
  path: Assets/Scripts/PrintGlobalPosition.cs
  artifactKey: Guid(5a8e17fcc9dacf2469f02b2675ac2b5f) Importer(815301076,1909f56bfc062723c751e8b465ee728b)
Start importing Assets/Scripts/PrintGlobalPosition.cs using Guid(5a8e17fcc9dacf2469f02b2675ac2b5f) Importer(815301076,1909f56bfc062723c751e8b465ee728b)  -> (artifact id: '00000000000000000000000000000000') in 0.000591 seconds
Import Error Code:(4)
Message: Build asset version error: assets/scripts/printglobalposition.cs in SourceAssetDB has modification time of '2025-12-03T19:24:12.3178635Z' while content on disk has modification time of '2025-12-03T19:24:24.7388637Z'
  ERROR: Build asset version error: assets/scripts/printglobalposition.cs in SourceAssetDB has modification time of '2025-12-03T19:24:12.3178635Z' while content on disk has modification time of '2025-12-03T19:24:24.7388637Z'
Number of updated asset objects reloaded before import = 0
Number of asset objects unloaded after import = 0
========================================================================
Received Import Request.
  Time since last request: 0.012994 seconds.
  path: Assets/Scripts/PrintGlobalPosition.cs
  artifactKey: Guid(5a8e17fcc9dacf2469f02b2675ac2b5f) Importer(815301076,1909f56bfc062723c751e8b465ee728b)
Start importing Assets/Scripts/PrintGlobalPosition.cs using Guid(5a8e17fcc9dacf2469f02b2675ac2b5f) Importer(815301076,1909f56bfc062723c751e8b465ee728b)  -> (artifact id: '00000000000000000000000000000000') in 0.002218 seconds
Import Error Code:(4)
Message: Build asset version error: assets/scripts/printglobalposition.cs in SourceAssetDB has modification time of '2025-12-03T19:24:12.3178635Z' while content on disk has modification time of '2025-12-03T19:24:24.7388637Z'
  ERROR: Build asset version error: assets/scripts/printglobalposition.cs in SourceAssetDB has modification time of '2025-12-03T19:24:12.3178635Z' while content on disk has modification time of '2025-12-03T19:24:24.7388637Z'
Number of updated asset objects reloaded before import = 0
Number of asset objects unloaded after import = 0
========================================================================
Received Import Request.
  Time since last request: 0.019948 seconds.
  path: Assets/Scripts/PrintGlobalPosition.cs
  artifactKey: Guid(5a8e17fcc9dacf2469f02b2675ac2b5f) Importer(815301076,1909f56bfc062723c751e8b465ee728b)
Start importing Assets/Scripts/PrintGlobalPosition.cs using Guid(5a8e17fcc9dacf2469f02b2675ac2b5f) Importer(815301076,1909f56bfc062723c751e8b465ee728b)  -> (artifact id: '00000000000000000000000000000000') in 0.000821 seconds
Import Error Code:(4)
Message: Build asset version error: assets/scripts/printglobalposition.cs in SourceAssetDB has modification time of '2025-12-03T19:24:12.3178635Z' while content on disk has modification time of '2025-12-03T19:24:24.7388637Z'
  ERROR: Build asset version error: assets/scripts/printglobalposition.cs in SourceAssetDB has modification time of '2025-12-03T19:24:12.3178635Z' while content on disk has modification time of '2025-12-03T19:24:24.7388637Z'
Number of updated asset objects reloaded before import = 0
Number of asset objects unloaded after import = 0
========================================================================
Received Import Request.
  Time since last request: 0.016185 seconds.
  path: Assets/Scripts/PrintGlobalPosition.cs
  artifactKey: Guid(5a8e17fcc9dacf2469f02b2675ac2b5f) Importer(815301076,1909f56bfc062723c751e8b465ee728b)
Start importing Assets/Scripts/PrintGlobalPosition.cs using Guid(5a8e17fcc9dacf2469f02b2675ac2b5f) Importer(815301076,1909f56bfc062723c751e8b465ee728b)  -> (artifact id: '00000000000000000000000000000000') in 0.000694 seconds
Import Error Code:(4)
Message: Build asset version error: assets/scripts/printglobalposition.cs in SourceAssetDB has modification time of '2025-12-03T19:24:12.3178635Z' while content on disk has modification time of '2025-12-03T19:24:24.7388637Z'
  ERROR: Build asset version error: assets/scripts/printglobalposition.cs in SourceAssetDB has modification time of '2025-12-03T19:24:12.3178635Z' while content on disk has modification time of '2025-12-03T19:24:24.7388637Z'
Number of updated asset objects reloaded before import = 0
Number of asset objects unloaded after import = 0
========================================================================
Received Import Request.
  Time since last request: 0.013720 seconds.
  path: Assets/Scripts/PrintGlobalPosition.cs
  artifactKey: Guid(5a8e17fcc9dacf2469f02b2675ac2b5f) Importer(815301076,1909f56bfc062723c751e8b465ee728b)
Start importing Assets/Scripts/PrintGlobalPosition.cs using Guid(5a8e17fcc9dacf2469f02b2675ac2b5f) Importer(815301076,1909f56bfc062723c751e8b465ee728b)  -> (artifact id: '00000000000000000000000000000000') in 0.000599 seconds
Import Error Code:(4)
Message: Build asset version error: assets/scripts/printglobalposition.cs in SourceAssetDB has modification time of '2025-12-03T19:24:12.3178635Z' while content on disk has modification time of '2025-12-03T19:24:24.7388637Z'
  ERROR: Build asset version error: assets/scripts/printglobalposition.cs in SourceAssetDB has modification time of '2025-12-03T19:24:12.3178635Z' while content on disk has modification time of '2025-12-03T19:24:24.7388637Z'
Number of updated asset objects reloaded before import = 0
Number of asset objects unloaded after import = 0
========================================================================
Received Import Request.
  Time since last request: 0.013303 seconds.
  path: Assets/Scripts/PrintGlobalPosition.cs
  artifactKey: Guid(5a8e17fcc9dacf2469f02b2675ac2b5f) Importer(815301076,1909f56bfc062723c751e8b465ee728b)
Start importing Assets/Scripts/PrintGlobalPosition.cs using Guid(5a8e17fcc9dacf2469f02b2675ac2b5f) Importer(815301076,1909f56bfc062723c751e8b465ee728b)  -> (artifact id: '00000000000000000000000000000000') in 0.000718 seconds
Import Error Code:(4)
Message: Build asset version error: assets/scripts/printglobalposition.cs in SourceAssetDB has modification time of '2025-12-03T19:24:12.3178635Z' while content on disk has modification time of '2025-12-03T19:24:24.7388637Z'
  ERROR: Build asset version error: assets/scripts/printglobalposition.cs in SourceAssetDB has modification time of '2025-12-03T19:24:12.3178635Z' while content on disk has modification time of '2025-12-03T19:24:24.7388637Z'
Number of updated asset objects reloaded before import = 0
Number of asset objects unloaded after import = 0
========================================================================
Received Import Request.
  Time since last request: 0.012796 seconds.
  path: Assets/Scripts/PrintGlobalPosition.cs
  artifactKey: Guid(5a8e17fcc9dacf2469f02b2675ac2b5f) Importer(815301076,1909f56bfc062723c751e8b465ee728b)
Start importing Assets/Scripts/PrintGlobalPosition.cs using Guid(5a8e17fcc9dacf2469f02b2675ac2b5f) Importer(815301076,1909f56bfc062723c751e8b465ee728b)  -> (artifact id: '00000000000000000000000000000000') in 0.000634 seconds
Import Error Code:(4)
Message: Build asset version error: assets/scripts/printglobalposition.cs in SourceAssetDB has modification time of '2025-12-03T19:24:12.3178635Z' while content on disk has modification time of '2025-12-03T19:24:24.7388637Z'
  ERROR: Build asset version error: assets/scripts/printglobalposition.cs in SourceAssetDB has modification time of '2025-12-03T19:24:12.3178635Z' while content on disk has modification time of '2025-12-03T19:24:24.7388637Z'
Number of updated asset objects reloaded before import = 0
Number of asset objects unloaded after import = 0
========================================================================
Received Import Request.
  Time since last request: 0.018286 seconds.
  path: Assets/Scripts/PrintGlobalPosition.cs
  artifactKey: Guid(5a8e17fcc9dacf2469f02b2675ac2b5f) Importer(815301076,1909f56bfc062723c751e8b465ee728b)
Start importing Assets/Scripts/PrintGlobalPosition.cs using Guid(5a8e17fcc9dacf2469f02b2675ac2b5f) Importer(815301076,1909f56bfc062723c751e8b465ee728b)  -> (artifact id: '00000000000000000000000000000000') in 0.001363 seconds
Import Error Code:(4)
Message: Build asset version error: assets/scripts/printglobalposition.cs in SourceAssetDB has modification time of '2025-12-03T19:24:12.3178635Z' while content on disk has modification time of '2025-12-03T19:24:24.7388637Z'
  ERROR: Build asset version error: assets/scripts/printglobalposition.cs in SourceAssetDB has modification time of '2025-12-03T19:24:12.3178635Z' while content on disk has modification time of '2025-12-03T19:24:24.7388637Z'
Number of updated asset objects reloaded before import = 0
Number of asset objects unloaded after import = 0
========================================================================
Received Import Request.
  Time since last request: 0.002840 seconds.
  path: Assets/Scripts/PrintGlobalPosition.cs
  artifactKey: Guid(5a8e17fcc9dacf2469f02b2675ac2b5f) Importer(815301076,1909f56bfc062723c751e8b465ee728b)
Start importing Assets/Scripts/PrintGlobalPosition.cs using Guid(5a8e17fcc9dacf2469f02b2675ac2b5f) Importer(815301076,1909f56bfc062723c751e8b465ee728b)  -> (artifact id: '00000000000000000000000000000000') in 0.000895 seconds
Import Error Code:(4)
Message: Build asset version error: assets/scripts/printglobalposition.cs in SourceAssetDB has modification time of '2025-12-03T19:24:12.3178635Z' while content on disk has modification time of '2025-12-03T19:24:24.7388637Z'
  ERROR: Build asset version error: assets/scripts/printglobalposition.cs in SourceAssetDB has modification time of '2025-12-03T19:24:12.3178635Z' while content on disk has modification time of '2025-12-03T19:24:24.7388637Z'
Number of updated asset objects reloaded before import = 0
Number of asset objects unloaded after import = 0
========================================================================
Received Import Request.
  Time since last request: 0.014196 seconds.
  path: Assets/Scripts/PrintGlobalPosition.cs
  artifactKey: Guid(5a8e17fcc9dacf2469f02b2675ac2b5f) Importer(815301076,1909f56bfc062723c751e8b465ee728b)
Start importing Assets/Scripts/PrintGlobalPosition.cs using Guid(5a8e17fcc9dacf2469f02b2675ac2b5f) Importer(815301076,1909f56bfc062723c751e8b465ee728b)  -> (artifact id: '00000000000000000000000000000000') in 0.000615 seconds
Import Error Code:(4)
Message: Build asset version error: assets/scripts/printglobalposition.cs in SourceAssetDB has modification time of '2025-12-03T19:24:12.3178635Z' while content on disk has modification time of '2025-12-03T19:24:24.7388637Z'
  ERROR: Build asset version error: assets/scripts/printglobalposition.cs in SourceAssetDB has modification time of '2025-12-03T19:24:12.3178635Z' while content on disk has modification time of '2025-12-03T19:24:24.7388637Z'
Number of updated asset objects reloaded before import = 0
Number of asset objects unloaded after import = 0
========================================================================
Received Import Request.
  Time since last request: 0.013508 seconds.
  path: Assets/Scripts/PrintGlobalPosition.cs
  artifactKey: Guid(5a8e17fcc9dacf2469f02b2675ac2b5f) Importer(815301076,1909f56bfc062723c751e8b465ee728b)
Start importing Assets/Scripts/PrintGlobalPosition.cs using Guid(5a8e17fcc9dacf2469f02b2675ac2b5f) Importer(815301076,1909f56bfc062723c751e8b465ee728b)  -> (artifact id: '00000000000000000000000000000000') in 0.000624 seconds
Import Error Code:(4)
Message: Build asset version error: assets/scripts/printglobalposition.cs in SourceAssetDB has modification time of '2025-12-03T19:24:12.3178635Z' while content on disk has modification time of '2025-12-03T19:24:24.7388637Z'
  ERROR: Build asset version error: assets/scripts/printglobalposition.cs in SourceAssetDB has modification time of '2025-12-03T19:24:12.3178635Z' while content on disk has modification time of '2025-12-03T19:24:24.7388637Z'
Number of updated asset objects reloaded before import = 0
Number of asset objects unloaded after import = 0
========================================================================
Received Import Request.
  Time since last request: 0.027321 seconds.
  path: Assets/Scripts/PrintGlobalPosition.cs
  artifactKey: Guid(5a8e17fcc9dacf2469f02b2675ac2b5f) Importer(815301076,1909f56bfc062723c751e8b465ee728b)
Start importing Assets/Scripts/PrintGlobalPosition.cs using Guid(5a8e17fcc9dacf2469f02b2675ac2b5f) Importer(815301076,1909f56bfc062723c751e8b465ee728b)  -> (artifact id: '00000000000000000000000000000000') in 0.000854 seconds
Import Error Code:(4)
Message: Build asset version error: assets/scripts/printglobalposition.cs in SourceAssetDB has modification time of '2025-12-03T19:24:12.3178635Z' while content on disk has modification time of '2025-12-03T19:24:24.7388637Z'
  ERROR: Build asset version error: assets/scripts/printglobalposition.cs in SourceAssetDB has modification time of '2025-12-03T19:24:12.3178635Z' while content on disk has modification time of '2025-12-03T19:24:24.7388637Z'
Number of updated asset objects reloaded before import = 0
Number of asset objects unloaded after import = 0
========================================================================
Received Import Request.
  Time since last request: 0.002581 seconds.
  path: Assets/Scripts/PrintGlobalPosition.cs
  artifactKey: Guid(5a8e17fcc9dacf2469f02b2675ac2b5f) Importer(815301076,1909f56bfc062723c751e8b465ee728b)
Start importing Assets/Scripts/PrintGlobalPosition.cs using Guid(5a8e17fcc9dacf2469f02b2675ac2b5f) Importer(815301076,1909f56bfc062723c751e8b465ee728b)  -> (artifact id: '00000000000000000000000000000000') in 0.000724 seconds
Import Error Code:(4)
Message: Build asset version error: assets/scripts/printglobalposition.cs in SourceAssetDB has modification time of '2025-12-03T19:24:12.3178635Z' while content on disk has modification time of '2025-12-03T19:24:24.7388637Z'
  ERROR: Build asset version error: assets/scripts/printglobalposition.cs in SourceAssetDB has modification time of '2025-12-03T19:24:12.3178635Z' while content on disk has modification time of '2025-12-03T19:24:24.7388637Z'
Number of updated asset objects reloaded before import = 0
Number of asset objects unloaded after import = 0
========================================================================
Received Import Request.
  Time since last request: 0.017363 seconds.
  path: Assets/Scripts/PrintGlobalPosition.cs
  artifactKey: Guid(5a8e17fcc9dacf2469f02b2675ac2b5f) Importer(815301076,1909f56bfc062723c751e8b465ee728b)
Start importing Assets/Scripts/PrintGlobalPosition.cs using Guid(5a8e17fcc9dacf2469f02b2675ac2b5f) Importer(815301076,1909f56bfc062723c751e8b465ee728b)  -> (artifact id: '00000000000000000000000000000000') in 0.000708 seconds
Import Error Code:(4)
Message: Build asset version error: assets/scripts/printglobalposition.cs in SourceAssetDB has modification time of '2025-12-03T19:24:12.3178635Z' while content on disk has modification time of '2025-12-03T19:24:24.7388637Z'
  ERROR: Build asset version error: assets/scripts/printglobalposition.cs in SourceAssetDB has modification time of '2025-12-03T19:24:12.3178635Z' while content on disk has modification time of '2025-12-03T19:24:24.7388637Z'
Number of updated asset objects reloaded before import = 0
Number of asset objects unloaded after import = 0
========================================================================
Received Import Request.
  Time since last request: 0.018368 seconds.
  path: Assets/Scripts/PrintGlobalPosition.cs
  artifactKey: Guid(5a8e17fcc9dacf2469f02b2675ac2b5f) Importer(815301076,1909f56bfc062723c751e8b465ee728b)
Start importing Assets/Scripts/PrintGlobalPosition.cs using Guid(5a8e17fcc9dacf2469f02b2675ac2b5f) Importer(815301076,1909f56bfc062723c751e8b465ee728b)  -> (artifact id: '00000000000000000000000000000000') in 0.000570 seconds
Import Error Code:(4)
Message: Build asset version error: assets/scripts/printglobalposition.cs in SourceAssetDB has modification time of '2025-12-03T19:24:12.3178635Z' while content on disk has modification time of '2025-12-03T19:24:24.7388637Z'
  ERROR: Build asset version error: assets/scripts/printglobalposition.cs in SourceAssetDB has modification time of '2025-12-03T19:24:12.3178635Z' while content on disk has modification time of '2025-12-03T19:24:24.7388637Z'
Number of updated asset objects reloaded before import = 0
Number of asset objects unloaded after import = 0
========================================================================
Received Import Request.
  Time since last request: 0.015710 seconds.
  path: Assets/Scripts/PrintGlobalPosition.cs
  artifactKey: Guid(5a8e17fcc9dacf2469f02b2675ac2b5f) Importer(815301076,1909f56bfc062723c751e8b465ee728b)
Start importing Assets/Scripts/PrintGlobalPosition.cs using Guid(5a8e17fcc9dacf2469f02b2675ac2b5f) Importer(815301076,1909f56bfc062723c751e8b465ee728b)  -> (artifact id: '00000000000000000000000000000000') in 0.000567 seconds
Import Error Code:(4)
Message: Build asset version error: assets/scripts/printglobalposition.cs in SourceAssetDB has modification time of '2025-12-03T19:24:12.3178635Z' while content on disk has modification time of '2025-12-03T19:24:24.7388637Z'
  ERROR: Build asset version error: assets/scripts/printglobalposition.cs in SourceAssetDB has modification time of '2025-12-03T19:24:12.3178635Z' while content on disk has modification time of '2025-12-03T19:24:24.7388637Z'
Number of updated asset objects reloaded before import = 0
Number of asset objects unloaded after import = 0
========================================================================
Received Import Request.
  Time since last request: 0.012686 seconds.
  path: Assets/Scripts/PrintGlobalPosition.cs
  artifactKey: Guid(5a8e17fcc9dacf2469f02b2675ac2b5f) Importer(815301076,1909f56bfc062723c751e8b465ee728b)
Start importing Assets/Scripts/PrintGlobalPosition.cs using Guid(5a8e17fcc9dacf2469f02b2675ac2b5f) Importer(815301076,1909f56bfc062723c751e8b465ee728b)  -> (artifact id: '00000000000000000000000000000000') in 0.000564 seconds
Import Error Code:(4)
Message: Build asset version error: assets/scripts/printglobalposition.cs in SourceAssetDB has modification time of '2025-12-03T19:24:12.3178635Z' while content on disk has modification time of '2025-12-03T19:24:24.7388637Z'
  ERROR: Build asset version error: assets/scripts/printglobalposition.cs in SourceAssetDB has modification time of '2025-12-03T19:24:12.3178635Z' while content on disk has modification time of '2025-12-03T19:24:24.7388637Z'
Number of updated asset objects reloaded before import = 0
Number of asset objects unloaded after import = 0
========================================================================
Received Import Request.
  Time since last request: 0.013947 seconds.
  path: Assets/Scripts/PrintGlobalPosition.cs
  artifactKey: Guid(5a8e17fcc9dacf2469f02b2675ac2b5f) Importer(815301076,1909f56bfc062723c751e8b465ee728b)
Start importing Assets/Scripts/PrintGlobalPosition.cs using Guid(5a8e17fcc9dacf2469f02b2675ac2b5f) Importer(815301076,1909f56bfc062723c751e8b465ee728b)  -> (artifact id: '00000000000000000000000000000000') in 0.000544 seconds
Import Error Code:(4)
Message: Build asset version error: assets/scripts/printglobalposition.cs in SourceAssetDB has modification time of '2025-12-03T19:24:12.3178635Z' while content on disk has modification time of '2025-12-03T19:24:24.7388637Z'
  ERROR: Build asset version error: assets/scripts/printglobalposition.cs in SourceAssetDB has modification time of '2025-12-03T19:24:12.3178635Z' while content on disk has modification time of '2025-12-03T19:24:24.7388637Z'
Number of updated asset objects reloaded before import = 0
Number of asset objects unloaded after import = 0
========================================================================
Received Import Request.
  Time since last request: 0.013791 seconds.
  path: Assets/Scripts/PrintGlobalPosition.cs
  artifactKey: Guid(5a8e17fcc9dacf2469f02b2675ac2b5f) Importer(815301076,1909f56bfc062723c751e8b465ee728b)
Start importing Assets/Scripts/PrintGlobalPosition.cs using Guid(5a8e17fcc9dacf2469f02b2675ac2b5f) Importer(815301076,1909f56bfc062723c751e8b465ee728b)  -> (artifact id: '00000000000000000000000000000000') in 0.000560 seconds
Import Error Code:(4)
Message: Build asset version error: assets/scripts/printglobalposition.cs in SourceAssetDB has modification time of '2025-12-03T19:24:12.3178635Z' while content on disk has modification time of '2025-12-03T19:24:24.7388637Z'
  ERROR: Build asset version error: assets/scripts/printglobalposition.cs in SourceAssetDB has modification time of '2025-12-03T19:24:12.3178635Z' while content on disk has modification time of '2025-12-03T19:24:24.7388637Z'
Number of updated asset objects reloaded before import = 0
Number of asset objects unloaded after import = 0
========================================================================
Received Import Request.
  Time since last request: 0.016230 seconds.
  path: Assets/Scripts/PrintGlobalPosition.cs
  artifactKey: Guid(5a8e17fcc9dacf2469f02b2675ac2b5f) Importer(815301076,1909f56bfc062723c751e8b465ee728b)
Start importing Assets/Scripts/PrintGlobalPosition.cs using Guid(5a8e17fcc9dacf2469f02b2675ac2b5f) Importer(815301076,1909f56bfc062723c751e8b465ee728b)  -> (artifact id: '00000000000000000000000000000000') in 0.000620 seconds
Import Error Code:(4)
Message: Build asset version error: assets/scripts/printglobalposition.cs in SourceAssetDB has modification time of '2025-12-03T19:24:12.3178635Z' while content on disk has modification time of '2025-12-03T19:24:24.7388637Z'
  ERROR: Build asset version error: assets/scripts/printglobalposition.cs in SourceAssetDB has modification time of '2025-12-03T19:24:12.3178635Z' while content on disk has modification time of '2025-12-03T19:24:24.7388637Z'
Number of updated asset objects reloaded before import = 0
Number of asset objects unloaded after import = 0
========================================================================
Received Import Request.
  Time since last request: 0.012362 seconds.
  path: Assets/Scripts/PrintGlobalPosition.cs
  artifactKey: Guid(5a8e17fcc9dacf2469f02b2675ac2b5f) Importer(815301076,1909f56bfc062723c751e8b465ee728b)
Start importing Assets/Scripts/PrintGlobalPosition.cs using Guid(5a8e17fcc9dacf2469f02b2675ac2b5f) Importer(815301076,1909f56bfc062723c751e8b465ee728b)  -> (artifact id: '00000000000000000000000000000000') in 0.000611 seconds
Import Error Code:(4)
Message: Build asset version error: assets/scripts/printglobalposition.cs in SourceAssetDB has modification time of '2025-12-03T19:24:12.3178635Z' while content on disk has modification time of '2025-12-03T19:24:24.7388637Z'
  ERROR: Build asset version error: assets/scripts/printglobalposition.cs in SourceAssetDB has modification time of '2025-12-03T19:24:12.3178635Z' while content on disk has modification time of '2025-12-03T19:24:24.7388637Z'
Number of updated asset objects reloaded before import = 0
Number of asset objects unloaded after import = 0
========================================================================
Received Import Request.
  Time since last request: 0.011474 seconds.
  path: Assets/Scripts/PrintGlobalPosition.cs
  artifactKey: Guid(5a8e17fcc9dacf2469f02b2675ac2b5f) Importer(815301076,1909f56bfc062723c751e8b465ee728b)
Start importing Assets/Scripts/PrintGlobalPosition.cs using Guid(5a8e17fcc9dacf2469f02b2675ac2b5f) Importer(815301076,1909f56bfc062723c751e8b465ee728b)  -> (artifact id: '00000000000000000000000000000000') in 0.000643 seconds
Import Error Code:(4)
Message: Build asset version error: assets/scripts/printglobalposition.cs in SourceAssetDB has modification time of '2025-12-03T19:24:12.3178635Z' while content on disk has modification time of '2025-12-03T19:24:24.7388637Z'
  ERROR: Build asset version error: assets/scripts/printglobalposition.cs in SourceAssetDB has modification time of '2025-12-03T19:24:12.3178635Z' while content on disk has modification time of '2025-12-03T19:24:24.7388637Z'
Number of updated asset objects reloaded before import = 0
Number of asset objects unloaded after import = 0
========================================================================
Received Import Request.
  Time since last request: 0.012039 seconds.
  path: Assets/Scripts/PrintGlobalPosition.cs
  artifactKey: Guid(5a8e17fcc9dacf2469f02b2675ac2b5f) Importer(815301076,1909f56bfc062723c751e8b465ee728b)
Start importing Assets/Scripts/PrintGlobalPosition.cs using Guid(5a8e17fcc9dacf2469f02b2675ac2b5f) Importer(815301076,1909f56bfc062723c751e8b465ee728b)  -> (artifact id: '00000000000000000000000000000000') in 0.000622 seconds
Import Error Code:(4)
Message: Build asset version error: assets/scripts/printglobalposition.cs in SourceAssetDB has modification time of '2025-12-03T19:24:12.3178635Z' while content on disk has modification time of '2025-12-03T19:24:24.7388637Z'
  ERROR: Build asset version error: assets/scripts/printglobalposition.cs in SourceAssetDB has modification time of '2025-12-03T19:24:12.3178635Z' while content on disk has modification time of '2025-12-03T19:24:24.7388637Z'
Number of updated asset objects reloaded before import = 0
Number of asset objects unloaded after import = 0
========================================================================
Received Import Request.
  Time since last request: 0.016311 seconds.
  path: Assets/Scripts/PrintGlobalPosition.cs
  artifactKey: Guid(5a8e17fcc9dacf2469f02b2675ac2b5f) Importer(815301076,1909f56bfc062723c751e8b465ee728b)
Start importing Assets/Scripts/PrintGlobalPosition.cs using Guid(5a8e17fcc9dacf2469f02b2675ac2b5f) Importer(815301076,1909f56bfc062723c751e8b465ee728b)  -> (artifact id: '00000000000000000000000000000000') in 0.000698 seconds
Import Error Code:(4)
Message: Build asset version error: assets/scripts/printglobalposition.cs in SourceAssetDB has modification time of '2025-12-03T19:24:12.3178635Z' while content on disk has modification time of '2025-12-03T19:24:24.7388637Z'
  ERROR: Build asset version error: assets/scripts/printglobalposition.cs in SourceAssetDB has modification time of '2025-12-03T19:24:12.3178635Z' while content on disk has modification time of '2025-12-03T19:24:24.7388637Z'
Number of updated asset objects reloaded before import = 0
Number of asset objects unloaded after import = 0
========================================================================
Received Import Request.
  Time since last request: 0.001618 seconds.
  path: Assets/Scripts/PrintGlobalPosition.cs
  artifactKey: Guid(5a8e17fcc9dacf2469f02b2675ac2b5f) Importer(815301076,1909f56bfc062723c751e8b465ee728b)
Start importing Assets/Scripts/PrintGlobalPosition.cs using Guid(5a8e17fcc9dacf2469f02b2675ac2b5f) Importer(815301076,1909f56bfc062723c751e8b465ee728b)  -> (artifact id: '00000000000000000000000000000000') in 0.000635 seconds
Import Error Code:(4)
Message: Build asset version error: assets/scripts/printglobalposition.cs in SourceAssetDB has modification time of '2025-12-03T19:24:12.3178635Z' while content on disk has modification time of '2025-12-03T19:24:24.7388637Z'
  ERROR: Build asset version error: assets/scripts/printglobalposition.cs in SourceAssetDB has modification time of '2025-12-03T19:24:12.3178635Z' while content on disk has modification time of '2025-12-03T19:24:24.7388637Z'
Number of updated asset objects reloaded before import = 0
Number of asset objects unloaded after import = 0
========================================================================
Received Import Request.
  Time since last request: 0.011384 seconds.
  path: Assets/Scripts/PrintGlobalPosition.cs
  artifactKey: Guid(5a8e17fcc9dacf2469f02b2675ac2b5f) Importer(815301076,1909f56bfc062723c751e8b465ee728b)
Start importing Assets/Scripts/PrintGlobalPosition.cs using Guid(5a8e17fcc9dacf2469f02b2675ac2b5f) Importer(815301076,1909f56bfc062723c751e8b465ee728b)  -> (artifact id: '00000000000000000000000000000000') in 0.000989 seconds
Import Error Code:(4)
Message: Build asset version error: assets/scripts/printglobalposition.cs in SourceAssetDB has modification time of '2025-12-03T19:24:12.3178635Z' while content on disk has modification time of '2025-12-03T19:24:24.7388637Z'
  ERROR: Build asset version error: assets/scripts/printglobalposition.cs in SourceAssetDB has modification time of '2025-12-03T19:24:12.3178635Z' while content on disk has modification time of '2025-12-03T19:24:24.7388637Z'
Number of updated asset objects reloaded before import = 0
Number of asset objects unloaded after import = 0
========================================================================
Received Import Request.
  Time since last request: 0.011464 seconds.
  path: Assets/Scripts/PrintGlobalPosition.cs
  artifactKey: Guid(5a8e17fcc9dacf2469f02b2675ac2b5f) Importer(815301076,1909f56bfc062723c751e8b465ee728b)
Start importing Assets/Scripts/PrintGlobalPosition.cs using Guid(5a8e17fcc9dacf2469f02b2675ac2b5f) Importer(815301076,1909f56bfc062723c751e8b465ee728b)  -> (artifact id: '00000000000000000000000000000000') in 0.001318 seconds
Import Error Code:(4)
Message: Build asset version error: assets/scripts/printglobalposition.cs in SourceAssetDB has modification time of '2025-12-03T19:24:12.3178635Z' while content on disk has modification time of '2025-12-03T19:24:24.7388637Z'
  ERROR: Build asset version error: assets/scripts/printglobalposition.cs in SourceAssetDB has modification time of '2025-12-03T19:24:12.3178635Z' while content on disk has modification time of '2025-12-03T19:24:24.7388637Z'
Number of updated asset objects reloaded before import = 0
Number of asset objects unloaded after import = 0
========================================================================
Received Import Request.
  Time since last request: 0.017287 seconds.
  path: Assets/Scripts/PrintGlobalPosition.cs
  artifactKey: Guid(5a8e17fcc9dacf2469f02b2675ac2b5f) Importer(815301076,1909f56bfc062723c751e8b465ee728b)
Start importing Assets/Scripts/PrintGlobalPosition.cs using Guid(5a8e17fcc9dacf2469f02b2675ac2b5f) Importer(815301076,1909f56bfc062723c751e8b465ee728b)  -> (artifact id: '00000000000000000000000000000000') in 0.001455 seconds
Import Error Code:(4)
Message: Build asset version error: assets/scripts/printglobalposition.cs in SourceAssetDB has modification time of '2025-12-03T19:24:12.3178635Z' while content on disk has modification time of '2025-12-03T19:24:24.7388637Z'
  ERROR: Build asset version error: assets/scripts/printglobalposition.cs in SourceAssetDB has modification time of '2025-12-03T19:24:12.3178635Z' while content on disk has modification time of '2025-12-03T19:24:24.7388637Z'
Number of updated asset objects reloaded before import = 0
Number of asset objects unloaded after import = 0
========================================================================
Received Import Request.
  Time since last request: 0.001318 seconds.
  path: Assets/Scripts/PrintGlobalPosition.cs
  artifactKey: Guid(5a8e17fcc9dacf2469f02b2675ac2b5f) Importer(815301076,1909f56bfc062723c751e8b465ee728b)
Start importing Assets/Scripts/PrintGlobalPosition.cs using Guid(5a8e17fcc9dacf2469f02b2675ac2b5f) Importer(815301076,1909f56bfc062723c751e8b465ee728b)  -> (artifact id: '00000000000000000000000000000000') in 0.000784 seconds
Import Error Code:(4)
Message: Build asset version error: assets/scripts/printglobalposition.cs in SourceAssetDB has modification time of '2025-12-03T19:24:12.3178635Z' while content on disk has modification time of '2025-12-03T19:24:24.7388637Z'
  ERROR: Build asset version error: assets/scripts/printglobalposition.cs in SourceAssetDB has modification time of '2025-12-03T19:24:12.3178635Z' while content on disk has modification time of '2025-12-03T19:24:24.7388637Z'
Number of updated asset objects reloaded before import = 0
Number of asset objects unloaded after import = 0
========================================================================
Received Import Request.
  Time since last request: 0.011054 seconds.
  path: Assets/Scripts/PrintGlobalPosition.cs
  artifactKey: Guid(5a8e17fcc9dacf2469f02b2675ac2b5f) Importer(815301076,1909f56bfc062723c751e8b465ee728b)
Start importing Assets/Scripts/PrintGlobalPosition.cs using Guid(5a8e17fcc9dacf2469f02b2675ac2b5f) Importer(815301076,1909f56bfc062723c751e8b465ee728b)  -> (artifact id: '00000000000000000000000000000000') in 0.001288 seconds
Import Error Code:(4)
Message: Build asset version error: assets/scripts/printglobalposition.cs in SourceAssetDB has modification time of '2025-12-03T19:24:12.3178635Z' while content on disk has modification time of '2025-12-03T19:24:24.7388637Z'
  ERROR: Build asset version error: assets/scripts/printglobalposition.cs in SourceAssetDB has modification time of '2025-12-03T19:24:12.3178635Z' while content on disk has modification time of '2025-12-03T19:24:24.7388637Z'
Number of updated asset objects reloaded before import = 0
Number of asset objects unloaded after import = 0
========================================================================
Received Import Request.
  Time since last request: 0.011304 seconds.
  path: Assets/Scripts/PrintGlobalPosition.cs
  artifactKey: Guid(5a8e17fcc9dacf2469f02b2675ac2b5f) Importer(815301076,1909f56bfc062723c751e8b465ee728b)
Start importing Assets/Scripts/PrintGlobalPosition.cs using Guid(5a8e17fcc9dacf2469f02b2675ac2b5f) Importer(815301076,1909f56bfc062723c751e8b465ee728b)  -> (artifact id: '00000000000000000000000000000000') in 0.000765 seconds
Import Error Code:(4)
Message: Build asset version error: assets/scripts/printglobalposition.cs in SourceAssetDB has modification time of '2025-12-03T19:24:12.3178635Z' while content on disk has modification time of '2025-12-03T19:24:24.7388637Z'
  ERROR: Build asset version error: assets/scripts/printglobalposition.cs in SourceAssetDB has modification time of '2025-12-03T19:24:12.3178635Z' while content on disk has modification time of '2025-12-03T19:24:24.7388637Z'
Number of updated asset objects reloaded before import = 0
Number of asset objects unloaded after import = 0
========================================================================
Received Import Request.
  Time since last request: 0.011360 seconds.
  path: Assets/Scripts/PrintGlobalPosition.cs
  artifactKey: Guid(5a8e17fcc9dacf2469f02b2675ac2b5f) Importer(815301076,1909f56bfc062723c751e8b465ee728b)
Start importing Assets/Scripts/PrintGlobalPosition.cs using Guid(5a8e17fcc9dacf2469f02b2675ac2b5f) Importer(815301076,1909f56bfc062723c751e8b465ee728b)  -> (artifact id: '00000000000000000000000000000000') in 0.000570 seconds
Import Error Code:(4)
Message: Build asset version error: assets/scripts/printglobalposition.cs in SourceAssetDB has modification time of '2025-12-03T19:24:12.3178635Z' while content on disk has modification time of '2025-12-03T19:24:24.7388637Z'
  ERROR: Build asset version error: assets/scripts/printglobalposition.cs in SourceAssetDB has modification time of '2025-12-03T19:24:12.3178635Z' while content on disk has modification time of '2025-12-03T19:24:24.7388637Z'
Number of updated asset objects reloaded before import = 0
Number of asset objects unloaded after import = 0
========================================================================
Received Import Request.
  Time since last request: 0.013835 seconds.
  path: Assets/Scripts/PrintGlobalPosition.cs
  artifactKey: Guid(5a8e17fcc9dacf2469f02b2675ac2b5f) Importer(815301076,1909f56bfc062723c751e8b465ee728b)
Start importing Assets/Scripts/PrintGlobalPosition.cs using Guid(5a8e17fcc9dacf2469f02b2675ac2b5f) Importer(815301076,1909f56bfc062723c751e8b465ee728b)  -> (artifact id: '00000000000000000000000000000000') in 0.001231 seconds
Import Error Code:(4)
Message: Build asset version error: assets/scripts/printglobalposition.cs in SourceAssetDB has modification time of '2025-12-03T19:24:12.3178635Z' while content on disk has modification time of '2025-12-03T19:24:24.7388637Z'
  ERROR: Build asset version error: assets/scripts/printglobalposition.cs in SourceAssetDB has modification time of '2025-12-03T19:24:12.3178635Z' while content on disk has modification time of '2025-12-03T19:24:24.7388637Z'
Number of updated asset objects reloaded before import = 0
Number of asset objects unloaded after import = 0
========================================================================
Received Import Request.
  Time since last request: 0.001338 seconds.
  path: Assets/Scripts/PrintGlobalPosition.cs
  artifactKey: Guid(5a8e17fcc9dacf2469f02b2675ac2b5f) Importer(815301076,1909f56bfc062723c751e8b465ee728b)
Start importing Assets/Scripts/PrintGlobalPosition.cs using Guid(5a8e17fcc9dacf2469f02b2675ac2b5f) Importer(815301076,1909f56bfc062723c751e8b465ee728b)  -> (artifact id: '00000000000000000000000000000000') in 0.001061 seconds
Import Error Code:(4)
Message: Build asset version error: assets/scripts/printglobalposition.cs in SourceAssetDB has modification time of '2025-12-03T19:24:12.3178635Z' while content on disk has modification time of '2025-12-03T19:24:24.7388637Z'
  ERROR: Build asset version error: assets/scripts/printglobalposition.cs in SourceAssetDB has modification time of '2025-12-03T19:24:12.3178635Z' while content on disk has modification time of '2025-12-03T19:24:24.7388637Z'
Number of updated asset objects reloaded before import = 0
Number of asset objects unloaded after import = 0
========================================================================
Received Import Request.
  Time since last request: 0.009704 seconds.
  path: Assets/Scripts/PrintGlobalPosition.cs
  artifactKey: Guid(5a8e17fcc9dacf2469f02b2675ac2b5f) Importer(815301076,1909f56bfc062723c751e8b465ee728b)
Start importing Assets/Scripts/PrintGlobalPosition.cs using Guid(5a8e17fcc9dacf2469f02b2675ac2b5f) Importer(815301076,1909f56bfc062723c751e8b465ee728b)  -> (artifact id: '00000000000000000000000000000000') in 0.000680 seconds
Import Error Code:(4)
Message: Build asset version error: assets/scripts/printglobalposition.cs in SourceAssetDB has modification time of '2025-12-03T19:24:12.3178635Z' while content on disk has modification time of '2025-12-03T19:24:24.7388637Z'
  ERROR: Build asset version error: assets/scripts/printglobalposition.cs in SourceAssetDB has modification time of '2025-12-03T19:24:12.3178635Z' while content on disk has modification time of '2025-12-03T19:24:24.7388637Z'
Number of updated asset objects reloaded before import = 0
Number of asset objects unloaded after import = 0
========================================================================
Received Import Request.
  Time since last request: 0.011687 seconds.
  path: Assets/Scripts/PrintGlobalPosition.cs
  artifactKey: Guid(5a8e17fcc9dacf2469f02b2675ac2b5f) Importer(815301076,1909f56bfc062723c751e8b465ee728b)
Start importing Assets/Scripts/PrintGlobalPosition.cs using Guid(5a8e17fcc9dacf2469f02b2675ac2b5f) Importer(815301076,1909f56bfc062723c751e8b465ee728b)  -> (artifact id: '00000000000000000000000000000000') in 0.000653 seconds
Import Error Code:(4)
Message: Build asset version error: assets/scripts/printglobalposition.cs in SourceAssetDB has modification time of '2025-12-03T19:24:12.3178635Z' while content on disk has modification time of '2025-12-03T19:24:24.7388637Z'
  ERROR: Build asset version error: assets/scripts/printglobalposition.cs in SourceAssetDB has modification time of '2025-12-03T19:24:12.3178635Z' while content on disk has modification time of '2025-12-03T19:24:24.7388637Z'
Number of updated asset objects reloaded before import = 0
Number of asset objects unloaded after import = 0
========================================================================
Received Import Request.
  Time since last request: 0.011092 seconds.
  path: Assets/Scripts/PrintGlobalPosition.cs
  artifactKey: Guid(5a8e17fcc9dacf2469f02b2675ac2b5f) Importer(815301076,1909f56bfc062723c751e8b465ee728b)
Start importing Assets/Scripts/PrintGlobalPosition.cs using Guid(5a8e17fcc9dacf2469f02b2675ac2b5f) Importer(815301076,1909f56bfc062723c751e8b465ee728b)  -> (artifact id: '00000000000000000000000000000000') in 0.001182 seconds
Import Error Code:(4)
Message: Build asset version error: assets/scripts/printglobalposition.cs in SourceAssetDB has modification time of '2025-12-03T19:24:12.3178635Z' while content on disk has modification time of '2025-12-03T19:24:24.7388637Z'
  ERROR: Build asset version error: assets/scripts/printglobalposition.cs in SourceAssetDB has modification time of '2025-12-03T19:24:12.3178635Z' while content on disk has modification time of '2025-12-03T19:24:24.7388637Z'
Number of updated asset objects reloaded before import = 0
Number of asset objects unloaded after import = 0
========================================================================
Received Import Request.
  Time since last request: 0.011046 seconds.
  path: Assets/Scripts/PrintGlobalPosition.cs
  artifactKey: Guid(5a8e17fcc9dacf2469f02b2675ac2b5f) Importer(815301076,1909f56bfc062723c751e8b465ee728b)
Start importing Assets/Scripts/PrintGlobalPosition.cs using Guid(5a8e17fcc9dacf2469f02b2675ac2b5f) Importer(815301076,1909f56bfc062723c751e8b465ee728b)  -> (artifact id: '00000000000000000000000000000000') in 0.000724 seconds
Import Error Code:(4)
Message: Build asset version error: assets/scripts/printglobalposition.cs in SourceAssetDB has modification time of '2025-12-03T19:24:12.3178635Z' while content on disk has modification time of '2025-12-03T19:24:24.7388637Z'
  ERROR: Build asset version error: assets/scripts/printglobalposition.cs in SourceAssetDB has modification time of '2025-12-03T19:24:12.3178635Z' while content on disk has modification time of '2025-12-03T19:24:24.7388637Z'
Number of updated asset objects reloaded before import = 0
Number of asset objects unloaded after import = 0
========================================================================
Received Import Request.
  Time since last request: 0.010925 seconds.
  path: Assets/Scripts/PrintGlobalPosition.cs
  artifactKey: Guid(5a8e17fcc9dacf2469f02b2675ac2b5f) Importer(815301076,1909f56bfc062723c751e8b465ee728b)
Start importing Assets/Scripts/PrintGlobalPosition.cs using Guid(5a8e17fcc9dacf2469f02b2675ac2b5f) Importer(815301076,1909f56bfc062723c751e8b465ee728b)  -> (artifact id: '00000000000000000000000000000000') in 0.000690 seconds
Import Error Code:(4)
Message: Build asset version error: assets/scripts/printglobalposition.cs in SourceAssetDB has modification time of '2025-12-03T19:24:12.3178635Z' while content on disk has modification time of '2025-12-03T19:24:24.7388637Z'
  ERROR: Build asset version error: assets/scripts/printglobalposition.cs in SourceAssetDB has modification time of '2025-12-03T19:24:12.3178635Z' while content on disk has modification time of '2025-12-03T19:24:24.7388637Z'
Number of updated asset objects reloaded before import = 0
Number of asset objects unloaded after import = 0
========================================================================
Received Import Request.
  Time since last request: 0.011060 seconds.
  path: Assets/Scripts/PrintGlobalPosition.cs
  artifactKey: Guid(5a8e17fcc9dacf2469f02b2675ac2b5f) Importer(815301076,1909f56bfc062723c751e8b465ee728b)
Start importing Assets/Scripts/PrintGlobalPosition.cs using Guid(5a8e17fcc9dacf2469f02b2675ac2b5f) Importer(815301076,1909f56bfc062723c751e8b465ee728b)  -> (artifact id: '00000000000000000000000000000000') in 0.000706 seconds
Import Error Code:(4)
Message: Build asset version error: assets/scripts/printglobalposition.cs in SourceAssetDB has modification time of '2025-12-03T19:24:12.3178635Z' while content on disk has modification time of '2025-12-03T19:24:24.7388637Z'
  ERROR: Build asset version error: assets/scripts/printglobalposition.cs in SourceAssetDB has modification time of '2025-12-03T19:24:12.3178635Z' while content on disk has modification time of '2025-12-03T19:24:24.7388637Z'
Number of updated asset objects reloaded before import = 0
Number of asset objects unloaded after import = 0
========================================================================
Received Import Request.
  Time since last request: 0.012408 seconds.
  path: Assets/Scripts/PrintGlobalPosition.cs
  artifactKey: Guid(5a8e17fcc9dacf2469f02b2675ac2b5f) Importer(815301076,1909f56bfc062723c751e8b465ee728b)
Start importing Assets/Scripts/PrintGlobalPosition.cs using Guid(5a8e17fcc9dacf2469f02b2675ac2b5f) Importer(815301076,1909f56bfc062723c751e8b465ee728b)  -> (artifact id: '00000000000000000000000000000000') in 0.001595 seconds
Import Error Code:(4)
Message: Build asset version error: assets/scripts/printglobalposition.cs in SourceAssetDB has modification time of '2025-12-03T19:24:12.3178635Z' while content on disk has modification time of '2025-12-03T19:24:24.7388637Z'
  ERROR: Build asset version error: assets/scripts/printglobalposition.cs in SourceAssetDB has modification time of '2025-12-03T19:24:12.3178635Z' while content on disk has modification time of '2025-12-03T19:24:24.7388637Z'
Number of updated asset objects reloaded before import = 0
Number of asset objects unloaded after import = 0
========================================================================
Received Import Request.
  Time since last request: 0.001453 seconds.
  path: Assets/Scripts/PrintGlobalPosition.cs
  artifactKey: Guid(5a8e17fcc9dacf2469f02b2675ac2b5f) Importer(815301076,1909f56bfc062723c751e8b465ee728b)
Start importing Assets/Scripts/PrintGlobalPosition.cs using Guid(5a8e17fcc9dacf2469f02b2675ac2b5f) Importer(815301076,1909f56bfc062723c751e8b465ee728b)  -> (artifact id: '00000000000000000000000000000000') in 0.001865 seconds
Import Error Code:(4)
Message: Build asset version error: assets/scripts/printglobalposition.cs in SourceAssetDB has modification time of '2025-12-03T19:24:12.3178635Z' while content on disk has modification time of '2025-12-03T19:24:24.7388637Z'
  ERROR: Build asset version error: assets/scripts/printglobalposition.cs in SourceAssetDB has modification time of '2025-12-03T19:24:12.3178635Z' while content on disk has modification time of '2025-12-03T19:24:24.7388637Z'
Number of updated asset objects reloaded before import = 0
Number of asset objects unloaded after import = 0
========================================================================
Received Import Request.
  Time since last request: 0.013365 seconds.
  path: Assets/Scripts/PrintGlobalPosition.cs
  artifactKey: Guid(5a8e17fcc9dacf2469f02b2675ac2b5f) Importer(815301076,1909f56bfc062723c751e8b465ee728b)
Start importing Assets/Scripts/PrintGlobalPosition.cs using Guid(5a8e17fcc9dacf2469f02b2675ac2b5f) Importer(815301076,1909f56bfc062723c751e8b465ee728b)  -> (artifact id: '00000000000000000000000000000000') in 0.000593 seconds
Import Error Code:(4)
Message: Build asset version error: assets/scripts/printglobalposition.cs in SourceAssetDB has modification time of '2025-12-03T19:24:12.3178635Z' while content on disk has modification time of '2025-12-03T19:24:24.7388637Z'
  ERROR: Build asset version error: assets/scripts/printglobalposition.cs in SourceAssetDB has modification time of '2025-12-03T19:24:12.3178635Z' while content on disk has modification time of '2025-12-03T19:24:24.7388637Z'
Number of updated asset objects reloaded before import = 0
Number of asset objects unloaded after import = 0
========================================================================
Received Prepare
Begin MonoManager ReloadAssembly
- Loaded All Assemblies, in  0.875 seconds
Refreshing native plugins compatible for Editor in 10.25 ms, found 5 plugins.
Native extension for WindowsStandalone target not found
Mono: successfully reloaded assembly
- Finished resetting the current domain, in  2.346 seconds
Domain Reload Profiling: 3214ms
	BeginReloadAssembly (294ms)
		ExecutionOrderSort (0ms)
		DisableScriptedObjects (29ms)
		BackupInstance (0ms)
		ReleaseScriptingObjects (0ms)
		CreateAndSetChildDomain (64ms)
	RebuildCommonClasses (57ms)
	RebuildNativeTypeToScriptingClass (22ms)
	initialDomainReloadingComplete (59ms)
	LoadAllAssembliesAndSetupDomain (437ms)
		LoadAssemblies (554ms)
		RebuildTransferFunctionScriptingTraits (0ms)
		AnalyzeDomain (37ms)
			TypeCache.Refresh (14ms)
				TypeCache.ScanAssembly (1ms)
			ScanForSourceGeneratedMonoScriptInfo (13ms)
			ResolveRequiredComponents (8ms)
	FinalizeReload (2347ms)
		ReleaseScriptCaches (0ms)
		RebuildScriptCaches (0ms)
		SetupLoadedEditorAssemblies (1239ms)
			LogAssemblyErrors (0ms)
			InitializePlatformSupportModulesInManaged (20ms)
			SetLoadedEditorAssemblies (40ms)
			RefreshPlugins (0ms)
			BeforeProcessingInitializeOnLoad (847ms)
			ProcessInitializeOnLoadAttributes (301ms)
			ProcessInitializeOnLoadMethodAttributes (26ms)
			AfterProcessingInitializeOnLoad (6ms)
			EditorAssembliesLoaded (0ms)
		ExecutionOrderSort2 (0ms)
		AwakeInstancesAfterBackupRestoration (6ms)
Refreshing native plugins compatible for Editor in 6.04 ms, found 5 plugins.
Preloading 0 native plugins for Editor in 0.00 ms.
Unloading 3702 Unused Serialized files (Serialized files now loaded: 0)
Unloading 37 unused Assets / (91.4 KB). Loaded Objects now: 4249.
Memory consumption went from 172.8 MB to 172.7 MB.
Total: 2.582600 ms (FindLiveObjects: 0.242900 ms CreateObjectMapping: 0.151200 ms MarkObjects: 2.063000 ms  DeleteObjects: 0.124300 ms)

Prepare: number of updated asset objects reloaded= 0
AssetImportParameters requested are different than current active one (requested -> active):
  custom:container-demuxer-ogg: 62fdf1f143b41e24485cea50d1cbac27 -> 
  custom:video-codec-MediaFoundation-h265: 746d11721c4dcdbdad8f713fa42b33f4 -> 
  custom:video-decoder-ogg-theora: a1e56fd34408186e4bbccfd4996cb3dc -> 
  custom:framework-win-MediaFoundation: 216162199b28c13a410421893ffa2e32 -> 
  custom:CustomObjectIndexerAttribute: 6d391050e5a25f67b0a2c618074f2cd9 -> 
  custom:container-demuxer-webm: 4f35f7cbe854078d1ac9338744f61a02 -> 
  custom:container-muxer-webm: aa71ff27fc2769a1b78a27578f13a17b -> 
  custom:video-decoder-webm-vp8: 9c59270c3fd7afecdb556c50c9e8de78 -> 
  custom:SearchIndexIgnoredProperties: e643bd26f0fe6173181afceb89e7c659 -> 
  custom:AudioImporter_EditorPlatform: d09bf68614088b80899f8185d706f6e7 -> 
  custom:video-encoder-webm-vp8: eb34c28f22e8b96e1ab97ce403110664 -> 
  custom:audio-decoder-ogg-vorbis: bf7c407c2cedff20999df2af8eb42d56 -> 
  custom:audio-encoder-webm-vorbis: bf7c407c2cedff20999df2af8eb42d56 -> 
========================================================================
Received Prepare
Begin MonoManager ReloadAssembly
- Loaded All Assemblies, in  0.384 seconds
Refreshing native plugins compatible for Editor in 4.55 ms, found 5 plugins.
Native extension for WindowsStandalone target not found
Mono: successfully reloaded assembly
- Finished resetting the current domain, in  0.738 seconds
Domain Reload Profiling: 1120ms
	BeginReloadAssembly (130ms)
		ExecutionOrderSort (0ms)
		DisableScriptedObjects (3ms)
		BackupInstance (0ms)
		ReleaseScriptingObjects (0ms)
		CreateAndSetChildDomain (27ms)
	RebuildCommonClasses (26ms)
	RebuildNativeTypeToScriptingClass (11ms)
	initialDomainReloadingComplete (22ms)
	LoadAllAssembliesAndSetupDomain (192ms)
		LoadAssemblies (251ms)
		RebuildTransferFunctionScriptingTraits (0ms)
		AnalyzeDomain (11ms)
			TypeCache.Refresh (5ms)
				TypeCache.ScanAssembly (0ms)
			ScanForSourceGeneratedMonoScriptInfo (0ms)
			ResolveRequiredComponents (3ms)
	FinalizeReload (739ms)
		ReleaseScriptCaches (0ms)
		RebuildScriptCaches (0ms)
		SetupLoadedEditorAssemblies (323ms)
			LogAssemblyErrors (0ms)
			InitializePlatformSupportModulesInManaged (5ms)
			SetLoadedEditorAssemblies (2ms)
			RefreshPlugins (0ms)
			BeforeProcessingInitializeOnLoad (49ms)
			ProcessInitializeOnLoadAttributes (233ms)
			ProcessInitializeOnLoadMethodAttributes (24ms)
			AfterProcessingInitializeOnLoad (9ms)
			EditorAssembliesLoaded (0ms)
		ExecutionOrderSort2 (0ms)
		AwakeInstancesAfterBackupRestoration (8ms)
Refreshing native plugins compatible for Editor in 4.59 ms, found 5 plugins.
Preloading 0 native plugins for Editor in 0.00 ms.
Unloading 3703 Unused Serialized files (Serialized files now loaded: 0)
Unloading 37 unused Assets / (99.4 KB). Loaded Objects now: 4252.
Memory consumption went from 175.0 MB to 174.9 MB.
Total: 2.351500 ms (FindLiveObjects: 0.197100 ms CreateObjectMapping: 0.088000 ms MarkObjects: 1.958800 ms  DeleteObjects: 0.106800 ms)

Prepare: number of updated asset objects reloaded= 0
AssetImportParameters requested are different than current active one (requested -> active):
  custom:container-demuxer-ogg: 62fdf1f143b41e24485cea50d1cbac27 -> 
  custom:video-codec-MediaFoundation-h265: 746d11721c4dcdbdad8f713fa42b33f4 -> 
  custom:video-decoder-ogg-theora: a1e56fd34408186e4bbccfd4996cb3dc -> 
  custom:framework-win-MediaFoundation: 216162199b28c13a410421893ffa2e32 -> 
  custom:CustomObjectIndexerAttribute: 6d391050e5a25f67b0a2c618074f2cd9 -> 
  custom:container-demuxer-webm: 4f35f7cbe854078d1ac9338744f61a02 -> 
  custom:container-muxer-webm: aa71ff27fc2769a1b78a27578f13a17b -> 
  custom:video-decoder-webm-vp8: 9c59270c3fd7afecdb556c50c9e8de78 -> 
  custom:SearchIndexIgnoredProperties: e643bd26f0fe6173181afceb89e7c659 -> 
  custom:AudioImporter_EditorPlatform: d09bf68614088b80899f8185d706f6e7 -> 
  custom:video-encoder-webm-vp8: eb34c28f22e8b96e1ab97ce403110664 -> 
  custom:audio-decoder-ogg-vorbis: bf7c407c2cedff20999df2af8eb42d56 -> 
  custom:audio-encoder-webm-vorbis: bf7c407c2cedff20999df2af8eb42d56 -> 
========================================================================
Received Prepare
Begin MonoManager ReloadAssembly
- Loaded All Assemblies, in  0.446 seconds
Refreshing native plugins compatible for Editor in 4.07 ms, found 5 plugins.
Native extension for WindowsStandalone target not found
Mono: successfully reloaded assembly
- Finished resetting the current domain, in  0.722 seconds
Domain Reload Profiling: 1165ms
	BeginReloadAssembly (150ms)
		ExecutionOrderSort (0ms)
		DisableScriptedObjects (6ms)
		BackupInstance (0ms)
		ReleaseScriptingObjects (0ms)
		CreateAndSetChildDomain (33ms)
	RebuildCommonClasses (37ms)
	RebuildNativeTypeToScriptingClass (11ms)
	initialDomainReloadingComplete (28ms)
	LoadAllAssembliesAndSetupDomain (218ms)
		LoadAssemblies (278ms)
		RebuildTransferFunctionScriptingTraits (0ms)
		AnalyzeDomain (21ms)
			TypeCache.Refresh (8ms)
				TypeCache.ScanAssembly (0ms)
			ScanForSourceGeneratedMonoScriptInfo (6ms)
			ResolveRequiredComponents (4ms)
	FinalizeReload (722ms)
		ReleaseScriptCaches (0ms)
		RebuildScriptCaches (0ms)
		SetupLoadedEditorAssemblies (290ms)
			LogAssemblyErrors (0ms)
			InitializePlatformSupportModulesInManaged (5ms)
			SetLoadedEditorAssemblies (4ms)
			RefreshPlugins (0ms)
			BeforeProcessingInitializeOnLoad (48ms)
			ProcessInitializeOnLoadAttributes (209ms)
			ProcessInitializeOnLoadMethodAttributes (19ms)
			AfterProcessingInitializeOnLoad (5ms)
			EditorAssembliesLoaded (0ms)
		ExecutionOrderSort2 (0ms)
		AwakeInstancesAfterBackupRestoration (5ms)
Refreshing native plugins compatible for Editor in 3.64 ms, found 5 plugins.
Preloading 0 native plugins for Editor in 0.00 ms.
Unloading 3702 Unused Serialized files (Serialized files now loaded: 0)
Unloading 38 unused Assets / (92.0 KB). Loaded Objects now: 4254.
Memory consumption went from 176.9 MB to 176.8 MB.
Total: 2.602600 ms (FindLiveObjects: 0.233200 ms CreateObjectMapping: 0.116700 ms MarkObjects: 2.137900 ms  DeleteObjects: 0.113300 ms)

Prepare: number of updated asset objects reloaded= 0
AssetImportParameters requested are different than current active one (requested -> active):
  custom:container-demuxer-ogg: 62fdf1f143b41e24485cea50d1cbac27 -> 
  custom:video-codec-MediaFoundation-h265: 746d11721c4dcdbdad8f713fa42b33f4 -> 
  custom:video-decoder-ogg-theora: a1e56fd34408186e4bbccfd4996cb3dc -> 
  custom:framework-win-MediaFoundation: 216162199b28c13a410421893ffa2e32 -> 
  custom:CustomObjectIndexerAttribute: 6d391050e5a25f67b0a2c618074f2cd9 -> 
  custom:container-demuxer-webm: 4f35f7cbe854078d1ac9338744f61a02 -> 
  custom:container-muxer-webm: aa71ff27fc2769a1b78a27578f13a17b -> 
  custom:video-decoder-webm-vp8: 9c59270c3fd7afecdb556c50c9e8de78 -> 
  custom:SearchIndexIgnoredProperties: e643bd26f0fe6173181afceb89e7c659 -> 
  custom:AudioImporter_EditorPlatform: d09bf68614088b80899f8185d706f6e7 -> 
  custom:video-encoder-webm-vp8: eb34c28f22e8b96e1ab97ce403110664 -> 
  custom:audio-decoder-ogg-vorbis: bf7c407c2cedff20999df2af8eb42d56 -> 
  custom:audio-encoder-webm-vorbis: bf7c407c2cedff20999df2af8eb42d56 -> 
========================================================================
Received Prepare
Begin MonoManager ReloadAssembly
- Loaded All Assemblies, in  0.367 seconds
Refreshing native plugins compatible for Editor in 4.61 ms, found 5 plugins.
Native extension for WindowsStandalone target not found
Mono: successfully reloaded assembly
- Finished resetting the current domain, in  0.740 seconds
Domain Reload Profiling: 1105ms
	BeginReloadAssembly (122ms)
		ExecutionOrderSort (0ms)
		DisableScriptedObjects (5ms)
		BackupInstance (0ms)
		ReleaseScriptingObjects (0ms)
		CreateAndSetChildDomain (26ms)
	RebuildCommonClasses (23ms)
	RebuildNativeTypeToScriptingClass (8ms)
	initialDomainReloadingComplete (22ms)
	LoadAllAssembliesAndSetupDomain (190ms)
		LoadAssemblies (242ms)
		RebuildTransferFunctionScriptingTraits (0ms)
		AnalyzeDomain (11ms)
			TypeCache.Refresh (5ms)
				TypeCache.ScanAssembly (0ms)
			ScanForSourceGeneratedMonoScriptInfo (0ms)
			ResolveRequiredComponents (4ms)
	FinalizeReload (740ms)
		ReleaseScriptCaches (0ms)
		RebuildScriptCaches (0ms)
		SetupLoadedEditorAssemblies (338ms)
			LogAssemblyErrors (0ms)
			InitializePlatformSupportModulesInManaged (6ms)
			SetLoadedEditorAssemblies (3ms)
			RefreshPlugins (0ms)
			BeforeProcessingInitializeOnLoad (52ms)
			ProcessInitializeOnLoadAttributes (250ms)
			ProcessInitializeOnLoadMethodAttributes (20ms)
			AfterProcessingInitializeOnLoad (6ms)
			EditorAssembliesLoaded (0ms)
		ExecutionOrderSort2 (0ms)
		AwakeInstancesAfterBackupRestoration (6ms)
Refreshing native plugins compatible for Editor in 4.96 ms, found 5 plugins.
Preloading 0 native plugins for Editor in 0.00 ms.
Unloading 3702 Unused Serialized files (Serialized files now loaded: 0)
Unloading 37 unused Assets / (75.4 KB). Loaded Objects now: 4257.
Memory consumption went from 178.8 MB to 178.7 MB.
Total: 3.242800 ms (FindLiveObjects: 0.269200 ms CreateObjectMapping: 0.148500 ms MarkObjects: 2.692000 ms  DeleteObjects: 0.131800 ms)

Prepare: number of updated asset objects reloaded= 0
AssetImportParameters requested are different than current active one (requested -> active):
  custom:container-demuxer-ogg: 62fdf1f143b41e24485cea50d1cbac27 -> 
  custom:video-codec-MediaFoundation-h265: 746d11721c4dcdbdad8f713fa42b33f4 -> 
  custom:video-decoder-ogg-theora: a1e56fd34408186e4bbccfd4996cb3dc -> 
  custom:framework-win-MediaFoundation: 216162199b28c13a410421893ffa2e32 -> 
  custom:CustomObjectIndexerAttribute: 6d391050e5a25f67b0a2c618074f2cd9 -> 
  custom:container-demuxer-webm: 4f35f7cbe854078d1ac9338744f61a02 -> 
  custom:container-muxer-webm: aa71ff27fc2769a1b78a27578f13a17b -> 
  custom:video-decoder-webm-vp8: 9c59270c3fd7afecdb556c50c9e8de78 -> 
  custom:SearchIndexIgnoredProperties: e643bd26f0fe6173181afceb89e7c659 -> 
  custom:AudioImporter_EditorPlatform: d09bf68614088b80899f8185d706f6e7 -> 
  custom:video-encoder-webm-vp8: eb34c28f22e8b96e1ab97ce403110664 -> 
  custom:audio-decoder-ogg-vorbis: bf7c407c2cedff20999df2af8eb42d56 -> 
  custom:audio-encoder-webm-vorbis: bf7c407c2cedff20999df2af8eb42d56 -> 
========================================================================
Received Import Request.
  Time since last request: 847.204892 seconds.
  path: Assets/Scripts/PrintGlobalPosition.cs
  artifactKey: Guid(5a8e17fcc9dacf2469f02b2675ac2b5f) Importer(815301076,1909f56bfc062723c751e8b465ee728b)
Start importing Assets/Scripts/PrintGlobalPosition.cs using Guid(5a8e17fcc9dacf2469f02b2675ac2b5f) Importer(815301076,1909f56bfc062723c751e8b465ee728b)  -> (artifact id: '7ca7a6fe7cc786da7ebd2482ee5e7a31') in 0.006941 seconds
Number of updated asset objects reloaded before import = 0
Number of asset objects unloaded after import = 0
========================================================================
Received Prepare
Begin MonoManager ReloadAssembly
- Loaded All Assemblies, in  0.426 seconds
Refreshing native plugins compatible for Editor in 5.50 ms, found 5 plugins.
Native extension for WindowsStandalone target not found
Mono: successfully reloaded assembly
- Finished resetting the current domain, in  0.751 seconds
Domain Reload Profiling: 1175ms
	BeginReloadAssembly (140ms)
		ExecutionOrderSort (0ms)
		DisableScriptedObjects (6ms)
		BackupInstance (0ms)
		ReleaseScriptingObjects (0ms)
		CreateAndSetChildDomain (31ms)
	RebuildCommonClasses (26ms)
	RebuildNativeTypeToScriptingClass (10ms)
	initialDomainReloadingComplete (27ms)
	LoadAllAssembliesAndSetupDomain (220ms)
		LoadAssemblies (264ms)
		RebuildTransferFunctionScriptingTraits (0ms)
		AnalyzeDomain (27ms)
			TypeCache.Refresh (8ms)
				TypeCache.ScanAssembly (0ms)
			ScanForSourceGeneratedMonoScriptInfo (10ms)
			ResolveRequiredComponents (6ms)
	FinalizeReload (752ms)
		ReleaseScriptCaches (0ms)
		RebuildScriptCaches (0ms)
		SetupLoadedEditorAssemblies (334ms)
			LogAssemblyErrors (0ms)
			InitializePlatformSupportModulesInManaged (8ms)
			SetLoadedEditorAssemblies (5ms)
			RefreshPlugins (0ms)
			BeforeProcessingInitializeOnLoad (61ms)
			ProcessInitializeOnLoadAttributes (238ms)
			ProcessInitializeOnLoadMethodAttributes (17ms)
			AfterProcessingInitializeOnLoad (5ms)
			EditorAssembliesLoaded (0ms)
		ExecutionOrderSort2 (0ms)
		AwakeInstancesAfterBackupRestoration (6ms)
Refreshing native plugins compatible for Editor in 4.44 ms, found 5 plugins.
Preloading 0 native plugins for Editor in 0.00 ms.
Unloading 3702 Unused Serialized files (Serialized files now loaded: 0)
Unloading 37 unused Assets / (91.5 KB). Loaded Objects now: 4261.
Memory consumption went from 180.5 MB to 180.4 MB.
Total: 2.283500 ms (FindLiveObjects: 0.208600 ms CreateObjectMapping: 0.092600 ms MarkObjects: 1.870500 ms  DeleteObjects: 0.110600 ms)

Prepare: number of updated asset objects reloaded= 0
AssetImportParameters requested are different than current active one (requested -> active):
  custom:container-demuxer-ogg: 62fdf1f143b41e24485cea50d1cbac27 -> 
  custom:video-codec-MediaFoundation-h265: 746d11721c4dcdbdad8f713fa42b33f4 -> 
  custom:video-decoder-ogg-theora: a1e56fd34408186e4bbccfd4996cb3dc -> 
  custom:framework-win-MediaFoundation: 216162199b28c13a410421893ffa2e32 -> 
  custom:CustomObjectIndexerAttribute: 6d391050e5a25f67b0a2c618074f2cd9 -> 
  custom:container-demuxer-webm: 4f35f7cbe854078d1ac9338744f61a02 -> 
  custom:container-muxer-webm: aa71ff27fc2769a1b78a27578f13a17b -> 
  custom:video-decoder-webm-vp8: 9c59270c3fd7afecdb556c50c9e8de78 -> 
  custom:SearchIndexIgnoredProperties: e643bd26f0fe6173181afceb89e7c659 -> 
  custom:AudioImporter_EditorPlatform: d09bf68614088b80899f8185d706f6e7 -> 
  custom:video-encoder-webm-vp8: eb34c28f22e8b96e1ab97ce403110664 -> 
  custom:audio-decoder-ogg-vorbis: bf7c407c2cedff20999df2af8eb42d56 -> 
  custom:audio-encoder-webm-vorbis: bf7c407c2cedff20999df2af8eb42d56 -> 
========================================================================
Received Prepare
Begin MonoManager ReloadAssembly
- Loaded All Assemblies, in  0.400 seconds
Refreshing native plugins compatible for Editor in 4.74 ms, found 5 plugins.
Native extension for WindowsStandalone target not found
Mono: successfully reloaded assembly
- Finished resetting the current domain, in  0.798 seconds
Domain Reload Profiling: 1196ms
	BeginReloadAssembly (132ms)
		ExecutionOrderSort (0ms)
		DisableScriptedObjects (4ms)
		BackupInstance (0ms)
		ReleaseScriptingObjects (0ms)
		CreateAndSetChildDomain (30ms)
	RebuildCommonClasses (24ms)
	RebuildNativeTypeToScriptingClass (8ms)
	initialDomainReloadingComplete (25ms)
	LoadAllAssembliesAndSetupDomain (208ms)
		LoadAssemblies (257ms)
		RebuildTransferFunctionScriptingTraits (0ms)
		AnalyzeDomain (21ms)
			TypeCache.Refresh (9ms)
				TypeCache.ScanAssembly (0ms)
			ScanForSourceGeneratedMonoScriptInfo (7ms)
			ResolveRequiredComponents (3ms)
	FinalizeReload (798ms)
		ReleaseScriptCaches (0ms)
		RebuildScriptCaches (0ms)
		SetupLoadedEditorAssemblies (362ms)
			LogAssemblyErrors (0ms)
			InitializePlatformSupportModulesInManaged (6ms)
			SetLoadedEditorAssemblies (5ms)
			RefreshPlugins (0ms)
			BeforeProcessingInitializeOnLoad (64ms)
			ProcessInitializeOnLoadAttributes (261ms)
			ProcessInitializeOnLoadMethodAttributes (19ms)
			AfterProcessingInitializeOnLoad (6ms)
			EditorAssembliesLoaded (0ms)
		ExecutionOrderSort2 (0ms)
		AwakeInstancesAfterBackupRestoration (8ms)
Refreshing native plugins compatible for Editor in 3.62 ms, found 5 plugins.
Preloading 0 native plugins for Editor in 0.00 ms.
Unloading 3703 Unused Serialized files (Serialized files now loaded: 0)
Unloading 37 unused Assets / (75.4 KB). Loaded Objects now: 4264.
Memory consumption went from 182.6 MB to 182.6 MB.
Total: 2.238200 ms (FindLiveObjects: 0.239900 ms CreateObjectMapping: 0.082900 ms MarkObjects: 1.820100 ms  DeleteObjects: 0.093600 ms)

Prepare: number of updated asset objects reloaded= 0
AssetImportParameters requested are different than current active one (requested -> active):
  custom:container-demuxer-ogg: 62fdf1f143b41e24485cea50d1cbac27 -> 
  custom:video-codec-MediaFoundation-h265: 746d11721c4dcdbdad8f713fa42b33f4 -> 
  custom:video-decoder-ogg-theora: a1e56fd34408186e4bbccfd4996cb3dc -> 
  custom:framework-win-MediaFoundation: 216162199b28c13a410421893ffa2e32 -> 
  custom:CustomObjectIndexerAttribute: 6d391050e5a25f67b0a2c618074f2cd9 -> 
  custom:container-demuxer-webm: 4f35f7cbe854078d1ac9338744f61a02 -> 
  custom:container-muxer-webm: aa71ff27fc2769a1b78a27578f13a17b -> 
  custom:video-decoder-webm-vp8: 9c59270c3fd7afecdb556c50c9e8de78 -> 
  custom:SearchIndexIgnoredProperties: e643bd26f0fe6173181afceb89e7c659 -> 
  custom:AudioImporter_EditorPlatform: d09bf68614088b80899f8185d706f6e7 -> 
  custom:video-encoder-webm-vp8: eb34c28f22e8b96e1ab97ce403110664 -> 
  custom:audio-decoder-ogg-vorbis: bf7c407c2cedff20999df2af8eb42d56 -> 
  custom:audio-encoder-webm-vorbis: bf7c407c2cedff20999df2af8eb42d56 -> 
========================================================================
Received Prepare
Begin MonoManager ReloadAssembly
- Loaded All Assemblies, in  0.374 seconds
Refreshing native plugins compatible for Editor in 4.98 ms, found 5 plugins.
Native extension for WindowsStandalone target not found
Mono: successfully reloaded assembly
- Finished resetting the current domain, in  0.750 seconds
Domain Reload Profiling: 1122ms
	BeginReloadAssembly (116ms)
		ExecutionOrderSort (0ms)
		DisableScriptedObjects (3ms)
		BackupInstance (0ms)
		ReleaseScriptingObjects (0ms)
		CreateAndSetChildDomain (25ms)
	RebuildCommonClasses (23ms)
	RebuildNativeTypeToScriptingClass (8ms)
	initialDomainReloadingComplete (23ms)
	LoadAllAssembliesAndSetupDomain (202ms)
		LoadAssemblies (253ms)
		RebuildTransferFunctionScriptingTraits (0ms)
		AnalyzeDomain (10ms)
			TypeCache.Refresh (5ms)
				TypeCache.ScanAssembly (0ms)
			ScanForSourceGeneratedMonoScriptInfo (0ms)
			ResolveRequiredComponents (4ms)
	FinalizeReload (750ms)
		ReleaseScriptCaches (0ms)
		RebuildScriptCaches (0ms)
		SetupLoadedEditorAssemblies (317ms)
			LogAssemblyErrors (0ms)
			InitializePlatformSupportModulesInManaged (5ms)
			SetLoadedEditorAssemblies (4ms)
			RefreshPlugins (0ms)
			BeforeProcessingInitializeOnLoad (55ms)
			ProcessInitializeOnLoadAttributes (226ms)
			ProcessInitializeOnLoadMethodAttributes (21ms)
			AfterProcessingInitializeOnLoad (6ms)
			EditorAssembliesLoaded (0ms)
		ExecutionOrderSort2 (0ms)
		AwakeInstancesAfterBackupRestoration (7ms)
Refreshing native plugins compatible for Editor in 4.82 ms, found 5 plugins.
Preloading 0 native plugins for Editor in 0.00 ms.
Unloading 3703 Unused Serialized files (Serialized files now loaded: 0)
Unloading 37 unused Assets / (99.5 KB). Loaded Objects now: 4267.
Memory consumption went from 184.6 MB to 184.5 MB.
Total: 2.613500 ms (FindLiveObjects: 0.213000 ms CreateObjectMapping: 0.103100 ms MarkObjects: 1.988900 ms  DeleteObjects: 0.307100 ms)

Prepare: number of updated asset objects reloaded= 0
AssetImportParameters requested are different than current active one (requested -> active):
  custom:container-demuxer-ogg: 62fdf1f143b41e24485cea50d1cbac27 -> 
  custom:video-codec-MediaFoundation-h265: 746d11721c4dcdbdad8f713fa42b33f4 -> 
  custom:video-decoder-ogg-theora: a1e56fd34408186e4bbccfd4996cb3dc -> 
  custom:framework-win-MediaFoundation: 216162199b28c13a410421893ffa2e32 -> 
  custom:CustomObjectIndexerAttribute: 6d391050e5a25f67b0a2c618074f2cd9 -> 
  custom:container-demuxer-webm: 4f35f7cbe854078d1ac9338744f61a02 -> 
  custom:container-muxer-webm: aa71ff27fc2769a1b78a27578f13a17b -> 
  custom:video-decoder-webm-vp8: 9c59270c3fd7afecdb556c50c9e8de78 -> 
  custom:SearchIndexIgnoredProperties: e643bd26f0fe6173181afceb89e7c659 -> 
  custom:AudioImporter_EditorPlatform: d09bf68614088b80899f8185d706f6e7 -> 
  custom:video-encoder-webm-vp8: eb34c28f22e8b96e1ab97ce403110664 -> 
  custom:audio-decoder-ogg-vorbis: bf7c407c2cedff20999df2af8eb42d56 -> 
  custom:audio-encoder-webm-vorbis: bf7c407c2cedff20999df2af8eb42d56 -> 
========================================================================
Received Prepare
Begin MonoManager ReloadAssembly
- Loaded All Assemblies, in  0.399 seconds
Refreshing native plugins compatible for Editor in 4.02 ms, found 5 plugins.
Native extension for WindowsStandalone target not found
Mono: successfully reloaded assembly
- Finished resetting the current domain, in  0.716 seconds
Domain Reload Profiling: 1111ms
	BeginReloadAssembly (122ms)
		ExecutionOrderSort (0ms)
		DisableScriptedObjects (4ms)
		BackupInstance (0ms)
		ReleaseScriptingObjects (0ms)
		CreateAndSetChildDomain (24ms)
	RebuildCommonClasses (26ms)
	RebuildNativeTypeToScriptingClass (8ms)
	initialDomainReloadingComplete (22ms)
	LoadAllAssembliesAndSetupDomain (217ms)
		LoadAssemblies (263ms)
		RebuildTransferFunctionScriptingTraits (0ms)
		AnalyzeDomain (20ms)
			TypeCache.Refresh (7ms)
				TypeCache.ScanAssembly (0ms)
			ScanForSourceGeneratedMonoScriptInfo (8ms)
			ResolveRequiredComponents (3ms)
	FinalizeReload (716ms)
		ReleaseScriptCaches (0ms)
		RebuildScriptCaches (0ms)
		SetupLoadedEditorAssemblies (314ms)
			LogAssemblyErrors (0ms)
			InitializePlatformSupportModulesInManaged (5ms)
			SetLoadedEditorAssemblies (4ms)
			RefreshPlugins (0ms)
			BeforeProcessingInitializeOnLoad (55ms)
			ProcessInitializeOnLoadAttributes (226ms)
			ProcessInitializeOnLoadMethodAttributes (20ms)
			AfterProcessingInitializeOnLoad (5ms)
			EditorAssembliesLoaded (0ms)
		ExecutionOrderSort2 (0ms)
		AwakeInstancesAfterBackupRestoration (7ms)
Refreshing native plugins compatible for Editor in 4.01 ms, found 5 plugins.
Preloading 0 native plugins for Editor in 0.00 ms.
Unloading 3702 Unused Serialized files (Serialized files now loaded: 0)
Unloading 38 unused Assets / (92.0 KB). Loaded Objects now: 4269.
Memory consumption went from 186.5 MB to 186.4 MB.
Total: 2.713400 ms (FindLiveObjects: 0.179000 ms CreateObjectMapping: 0.082900 ms MarkObjects: 2.348100 ms  DeleteObjects: 0.102300 ms)

Prepare: number of updated asset objects reloaded= 0
AssetImportParameters requested are different than current active one (requested -> active):
  custom:container-demuxer-ogg: 62fdf1f143b41e24485cea50d1cbac27 -> 
  custom:video-codec-MediaFoundation-h265: 746d11721c4dcdbdad8f713fa42b33f4 -> 
  custom:video-decoder-ogg-theora: a1e56fd34408186e4bbccfd4996cb3dc -> 
  custom:framework-win-MediaFoundation: 216162199b28c13a410421893ffa2e32 -> 
  custom:CustomObjectIndexerAttribute: 6d391050e5a25f67b0a2c618074f2cd9 -> 
  custom:container-demuxer-webm: 4f35f7cbe854078d1ac9338744f61a02 -> 
  custom:container-muxer-webm: aa71ff27fc2769a1b78a27578f13a17b -> 
  custom:video-decoder-webm-vp8: 9c59270c3fd7afecdb556c50c9e8de78 -> 
  custom:SearchIndexIgnoredProperties: e643bd26f0fe6173181afceb89e7c659 -> 
  custom:AudioImporter_EditorPlatform: d09bf68614088b80899f8185d706f6e7 -> 
  custom:video-encoder-webm-vp8: eb34c28f22e8b96e1ab97ce403110664 -> 
  custom:audio-decoder-ogg-vorbis: bf7c407c2cedff20999df2af8eb42d56 -> 
  custom:audio-encoder-webm-vorbis: bf7c407c2cedff20999df2af8eb42d56 -> 
========================================================================
Received Prepare
Begin MonoManager ReloadAssembly
- Loaded All Assemblies, in  0.388 seconds
Refreshing native plugins compatible for Editor in 4.03 ms, found 5 plugins.
Native extension for WindowsStandalone target not found
Mono: successfully reloaded assembly
- Finished resetting the current domain, in  0.733 seconds
Domain Reload Profiling: 1118ms
	BeginReloadAssembly (122ms)
		ExecutionOrderSort (0ms)
		DisableScriptedObjects (4ms)
		BackupInstance (0ms)
		ReleaseScriptingObjects (0ms)
		CreateAndSetChildDomain (24ms)
	RebuildCommonClasses (23ms)
	RebuildNativeTypeToScriptingClass (8ms)
	initialDomainReloadingComplete (34ms)
	LoadAllAssembliesAndSetupDomain (198ms)
		LoadAssemblies (253ms)
		RebuildTransferFunctionScriptingTraits (0ms)
		AnalyzeDomain (12ms)
			TypeCache.Refresh (6ms)
				TypeCache.ScanAssembly (0ms)
			ScanForSourceGeneratedMonoScriptInfo (0ms)
			ResolveRequiredComponents (4ms)
	FinalizeReload (733ms)
		ReleaseScriptCaches (0ms)
		RebuildScriptCaches (0ms)
		SetupLoadedEditorAssemblies (333ms)
			LogAssemblyErrors (0ms)
			InitializePlatformSupportModulesInManaged (7ms)
			SetLoadedEditorAssemblies (3ms)
			RefreshPlugins (0ms)
			BeforeProcessingInitializeOnLoad (54ms)
			ProcessInitializeOnLoadAttributes (238ms)
			ProcessInitializeOnLoadMethodAttributes (24ms)
			AfterProcessingInitializeOnLoad (7ms)
			EditorAssembliesLoaded (0ms)
		ExecutionOrderSort2 (0ms)
		AwakeInstancesAfterBackupRestoration (8ms)
Refreshing native plugins compatible for Editor in 6.49 ms, found 5 plugins.
Preloading 0 native plugins for Editor in 0.00 ms.
Unloading 3702 Unused Serialized files (Serialized files now loaded: 0)
Unloading 37 unused Assets / (75.4 KB). Loaded Objects now: 4272.
Memory consumption went from 188.4 MB to 188.3 MB.
Total: 3.373800 ms (FindLiveObjects: 0.236300 ms CreateObjectMapping: 0.116700 ms MarkObjects: 2.892100 ms  DeleteObjects: 0.126300 ms)

Prepare: number of updated asset objects reloaded= 0
AssetImportParameters requested are different than current active one (requested -> active):
  custom:container-demuxer-ogg: 62fdf1f143b41e24485cea50d1cbac27 -> 
  custom:video-codec-MediaFoundation-h265: 746d11721c4dcdbdad8f713fa42b33f4 -> 
  custom:video-decoder-ogg-theora: a1e56fd34408186e4bbccfd4996cb3dc -> 
  custom:framework-win-MediaFoundation: 216162199b28c13a410421893ffa2e32 -> 
  custom:CustomObjectIndexerAttribute: 6d391050e5a25f67b0a2c618074f2cd9 -> 
  custom:container-demuxer-webm: 4f35f7cbe854078d1ac9338744f61a02 -> 
  custom:container-muxer-webm: aa71ff27fc2769a1b78a27578f13a17b -> 
  custom:video-decoder-webm-vp8: 9c59270c3fd7afecdb556c50c9e8de78 -> 
  custom:SearchIndexIgnoredProperties: e643bd26f0fe6173181afceb89e7c659 -> 
  custom:AudioImporter_EditorPlatform: d09bf68614088b80899f8185d706f6e7 -> 
  custom:video-encoder-webm-vp8: eb34c28f22e8b96e1ab97ce403110664 -> 
  custom:audio-decoder-ogg-vorbis: bf7c407c2cedff20999df2af8eb42d56 -> 
  custom:audio-encoder-webm-vorbis: bf7c407c2cedff20999df2af8eb42d56 -> 
========================================================================
Received Prepare
Begin MonoManager ReloadAssembly
- Loaded All Assemblies, in  0.406 seconds
Refreshing native plugins compatible for Editor in 3.76 ms, found 5 plugins.
Native extension for WindowsStandalone target not found
Mono: successfully reloaded assembly
- Finished resetting the current domain, in  1.181 seconds
Domain Reload Profiling: 1585ms
	BeginReloadAssembly (137ms)
		ExecutionOrderSort (0ms)
		DisableScriptedObjects (4ms)
		BackupInstance (0ms)
		ReleaseScriptingObjects (0ms)
		CreateAndSetChildDomain (29ms)
	RebuildCommonClasses (24ms)
	RebuildNativeTypeToScriptingClass (8ms)
	initialDomainReloadingComplete (23ms)
	LoadAllAssembliesAndSetupDomain (212ms)
		LoadAssemblies (276ms)
		RebuildTransferFunctionScriptingTraits (0ms)
		AnalyzeDomain (11ms)
			TypeCache.Refresh (5ms)
				TypeCache.ScanAssembly (0ms)
			ScanForSourceGeneratedMonoScriptInfo (0ms)
			ResolveRequiredComponents (4ms)
	FinalizeReload (1181ms)
		ReleaseScriptCaches (0ms)
		RebuildScriptCaches (0ms)
		SetupLoadedEditorAssemblies (339ms)
			LogAssemblyErrors (0ms)
			InitializePlatformSupportModulesInManaged (7ms)
			SetLoadedEditorAssemblies (3ms)
			RefreshPlugins (0ms)
			BeforeProcessingInitializeOnLoad (60ms)
			ProcessInitializeOnLoadAttributes (237ms)
			ProcessInitializeOnLoadMethodAttributes (26ms)
			AfterProcessingInitializeOnLoad (7ms)
			EditorAssembliesLoaded (0ms)
		ExecutionOrderSort2 (0ms)
		AwakeInstancesAfterBackupRestoration (6ms)
Refreshing native plugins compatible for Editor in 4.80 ms, found 5 plugins.
Preloading 0 native plugins for Editor in 0.00 ms.
Unloading 3702 Unused Serialized files (Serialized files now loaded: 0)
Unloading 37 unused Assets / (83.5 KB). Loaded Objects now: 4275.
Memory consumption went from 190.3 MB to 190.2 MB.
Total: 2.372800 ms (FindLiveObjects: 0.212700 ms CreateObjectMapping: 0.107100 ms MarkObjects: 1.945800 ms  DeleteObjects: 0.106100 ms)

Prepare: number of updated asset objects reloaded= 0
AssetImportParameters requested are different than current active one (requested -> active):
  custom:container-demuxer-ogg: 62fdf1f143b41e24485cea50d1cbac27 -> 
  custom:video-codec-MediaFoundation-h265: 746d11721c4dcdbdad8f713fa42b33f4 -> 
  custom:video-decoder-ogg-theora: a1e56fd34408186e4bbccfd4996cb3dc -> 
  custom:framework-win-MediaFoundation: 216162199b28c13a410421893ffa2e32 -> 
  custom:CustomObjectIndexerAttribute: 6d391050e5a25f67b0a2c618074f2cd9 -> 
  custom:container-demuxer-webm: 4f35f7cbe854078d1ac9338744f61a02 -> 
  custom:container-muxer-webm: aa71ff27fc2769a1b78a27578f13a17b -> 
  custom:video-decoder-webm-vp8: 9c59270c3fd7afecdb556c50c9e8de78 -> 
  custom:SearchIndexIgnoredProperties: e643bd26f0fe6173181afceb89e7c659 -> 
  custom:AudioImporter_EditorPlatform: d09bf68614088b80899f8185d706f6e7 -> 
  custom:video-encoder-webm-vp8: eb34c28f22e8b96e1ab97ce403110664 -> 
  custom:audio-decoder-ogg-vorbis: bf7c407c2cedff20999df2af8eb42d56 -> 
  custom:audio-encoder-webm-vorbis: bf7c407c2cedff20999df2af8eb42d56 -> 
========================================================================
Received Prepare
Begin MonoManager ReloadAssembly
- Loaded All Assemblies, in  0.822 seconds
Refreshing native plugins compatible for Editor in 17.43 ms, found 5 plugins.
Native extension for WindowsStandalone target not found
Mono: successfully reloaded assembly
- Finished resetting the current domain, in  3.335 seconds
Domain Reload Profiling: 4152ms
	BeginReloadAssembly (257ms)
		ExecutionOrderSort (0ms)
		DisableScriptedObjects (10ms)
		BackupInstance (0ms)
		ReleaseScriptingObjects (0ms)
		CreateAndSetChildDomain (48ms)
	RebuildCommonClasses (52ms)
	RebuildNativeTypeToScriptingClass (15ms)
	initialDomainReloadingComplete (49ms)
	LoadAllAssembliesAndSetupDomain (443ms)
		LoadAssemblies (569ms)
		RebuildTransferFunctionScriptingTraits (0ms)
		AnalyzeDomain (26ms)
			TypeCache.Refresh (10ms)
				TypeCache.ScanAssembly (0ms)
			ScanForSourceGeneratedMonoScriptInfo (0ms)
			ResolveRequiredComponents (10ms)
	FinalizeReload (3335ms)
		ReleaseScriptCaches (0ms)
		RebuildScriptCaches (0ms)
		SetupLoadedEditorAssemblies (685ms)
			LogAssemblyErrors (0ms)
			InitializePlatformSupportModulesInManaged (21ms)
			SetLoadedEditorAssemblies (7ms)
			RefreshPlugins (0ms)
			BeforeProcessingInitializeOnLoad (105ms)
			ProcessInitializeOnLoadAttributes (481ms)
			ProcessInitializeOnLoadMethodAttributes (56ms)
			AfterProcessingInitializeOnLoad (14ms)
			EditorAssembliesLoaded (0ms)
		ExecutionOrderSort2 (0ms)
		AwakeInstancesAfterBackupRestoration (14ms)
Refreshing native plugins compatible for Editor in 16.97 ms, found 5 plugins.
Preloading 0 native plugins for Editor in 0.00 ms.
Unloading 3702 Unused Serialized files (Serialized files now loaded: 0)
Unloading 37 unused Assets / (99.5 KB). Loaded Objects now: 4278.
Memory consumption went from 192.2 MB to 192.1 MB.
Total: 6.784600 ms (FindLiveObjects: 0.432400 ms CreateObjectMapping: 0.262400 ms MarkObjects: 5.791800 ms  DeleteObjects: 0.295800 ms)

Prepare: number of updated asset objects reloaded= 0
AssetImportParameters requested are different than current active one (requested -> active):
  custom:container-demuxer-ogg: 62fdf1f143b41e24485cea50d1cbac27 -> 
  custom:video-codec-MediaFoundation-h265: 746d11721c4dcdbdad8f713fa42b33f4 -> 
  custom:video-decoder-ogg-theora: a1e56fd34408186e4bbccfd4996cb3dc -> 
  custom:framework-win-MediaFoundation: 216162199b28c13a410421893ffa2e32 -> 
  custom:CustomObjectIndexerAttribute: 6d391050e5a25f67b0a2c618074f2cd9 -> 
  custom:container-demuxer-webm: 4f35f7cbe854078d1ac9338744f61a02 -> 
  custom:container-muxer-webm: aa71ff27fc2769a1b78a27578f13a17b -> 
  custom:video-decoder-webm-vp8: 9c59270c3fd7afecdb556c50c9e8de78 -> 
  custom:SearchIndexIgnoredProperties: e643bd26f0fe6173181afceb89e7c659 -> 
  custom:AudioImporter_EditorPlatform: d09bf68614088b80899f8185d706f6e7 -> 
  custom:video-encoder-webm-vp8: eb34c28f22e8b96e1ab97ce403110664 -> 
  custom:audio-decoder-ogg-vorbis: bf7c407c2cedff20999df2af8eb42d56 -> 
  custom:audio-encoder-webm-vorbis: bf7c407c2cedff20999df2af8eb42d56 -> 
